평가년도,도서관구분,도서관코드,도서관명,행정구역,시군구,장서수,사서수,대출자수,대출권수,도서예산
2022,LIBTYPE000002,2060122013,2.28민주운동기념회관(도서관),daegu,중구,51037,2,995,14710,640298
2022,LIBTYPE000002,2030111001,4.19 혁명기념 도서관,seoul,종로구,62629,3,408,6059,2222667
2022,LIBTYPE000002,2030111008,가락몰도서관,seoul,송파구,35260,4,8381,81609,241180
2022,LIBTYPE000002,2060141162,가람도서관,gyeonggi,파주시,55922,7,18535,100189,848278
2022,LIBTYPE000002,2060125008,가수원도서관,daejeon,서구,163016,3,7500,191262,1586132
2022,LIBTYPE000002,2060111042,가온도서관,seoul,중구,83276,8,5405,72458,805392
2022,LIBTYPE000002,2060141215,가재울도서관,gyeonggi,의정부시,28904,3.5,6378,39772,362065
2022,LIBTYPE000002,2060141100,가평군 설악도서관,gyeonggi,가평군,75675,2,1161,24834,577271
2022,LIBTYPE000002,2060141083,가평군 조종도서관,gyeonggi,가평군,74837,2,6099,22847,547411
2022,LIBTYPE000002,2060141143,가평군 청평도서관,gyeonggi,가평군,79135,2,1751,31359,569944
2022,LIBTYPE000002,2060141082,가평군 한석봉도서관,gyeonggi,가평군,142248,2,80645,46065,1950167
2022,LIBTYPE000002,2060125007,갈마도서관,daejeon,서구,215055,4,7455,170697,1347407
2022,LIBTYPE000002,2060111092,갈산도서관,seoul,양천구,51076,8,81765,126863,510591
2022,LIBTYPE000002,2060123011,갈산도서관,incheon,부평구,28560,3,2718,26081,320438
2022,LIBTYPE000002,2060143024,감곡도서관,chungbuk,음성군,37155,1,776,11453,261756
2022,LIBTYPE000002,2060147006,감포도서관,gyeongbuk,경주시,58184,1,164,10234,144628
2022,LIBTYPE000002,2060111054,강남구립 역삼푸른솔 도서관,seoul,강남구,41242,4,11887,63325,354833
2022,LIBTYPE000002,20601110019,강남구립못골도서관,seoul,강남구,66623,9,19105,214836,1004288
2022,LIBTYPE000002,20601110039,강남구립열린도서관,seoul,강남구,36954,6,13811,183888,795401
2022,LIBTYPE000002,2060143026,강내도서관,chungbuk,청주시,90289,2,23418,100795,499135
2022,LIBTYPE000002,2060111063,강동구립강일도서관,seoul,강동구,99217,8,11749,230410,766374
2022,LIBTYPE000002,20601110045,강동구립둔촌도서관,seoul,강동구,31303,5.5,8700,129256,557009
2022,LIBTYPE000002,2060111031,강동구립성내도서관,seoul,강동구,83979,7,11367,163958,674401
2022,LIBTYPE000002,2060111066,강동구립암사도서관,seoul,강동구,100317,6,12330,207709,730822
2022,LIBTYPE000002,20601110012,강동구립천호도서관,seoul,강동구,49260,5,9658,140693,438692
2022,LIBTYPE000002,2060111046,강동구립해공도서관,seoul,강동구,93081,7,12671,143972,812493
2022,LIBTYPE000002,2050142003,강릉교육문화관,gangwon,강릉시,186917,9,52342,109792,723366
2022,LIBTYPE000002,2060142008,강릉시립중앙도서관,gangwon,강릉시,84426,4,21832,62719,900170
2022,LIBTYPE000002,2060111005,강북문화정보도서관,seoul,강북구,214926,8,13642,248490,4507213
2022,LIBTYPE000002,2060111006,강북청소년문화정보도서관,seoul,강북구,47446,2,4285,32302,535018
2022,LIBTYPE000002,2060111082,강서구립 곰달래도서관,seoul,강서구,68914,7,12595,117021,854540
2022,LIBTYPE000002,2060111077,강서구립 등빛도서관,seoul,강서구,72085,10,14201,155357,997826
2022,LIBTYPE000002,2060111044,강서구립 푸른들청소년도서관,seoul,강서구,61056,5,17162,99618,507111
2022,LIBTYPE000002,2060111000,강서구립가양도서관,seoul,강서구,56819,7,53506,134230,924541
2022,LIBTYPE000002,2060111058,강서구립우장산숲속도서관,seoul,강서구,52092,4,30873,143116,476680
2022,LIBTYPE000002,2060821005,강서기적의도서관,busan,강서구,61432,6,12098,333824,773490
2022,LIBTYPE000002,2060811003,강서길꽃어린이도서관,seoul,강서구,60856,6,46357,162765,716103
2022,LIBTYPE000007,2060811005,강서꿈꾸는어린이도서관,seoul,강서구,64170,5,43746,164054,742493
2022,LIBTYPE000002,2060111079,강서영어도서관,seoul,강서구,39116,5,4473,115478,410590
2022,LIBTYPE000002,2060146017,강진군도서관,jeonnam,강진군,134682,4,10055,43288,758102
2022,LIBTYPE000002,2060123002,강화군립도서관,incheon,강화군,79124,4,30547,47979,253648
2022,LIBTYPE000002,2060111067,개봉도서관,seoul,구로구,34384,3,2680,44309,207567
2022,LIBTYPE000002,2060811009,개봉어린이도서관,seoul,구로구,42405,1,1896,42390,265489
2022,LIBTYPE000002,2060111059,개울건강도서관,seoul,양천구,29455,4,33073,52883,261317
2022,LIBTYPE000002,2060111018,거마도서관,seoul,송파구,50119,5,8968,80059,622517
2022,LIBTYPE000002,2060148035,거제시립수양도서관,gyeongnam,거제시,48958,2.5,62138,132696,283817
2022,LIBTYPE000002,2060148042,거제시립아주도서관,gyeongnam,거제시,27536,1.5,34281,125040,301176
2022,LIBTYPE000002,2060148025,거제시립옥포도서관,gyeongnam,거제시,59173,2,39903,40683,492092
2022,LIBTYPE000002,2060148009,거제시립장승포도서관,gyeongnam,거제시,59075,0,0,0,3500000
2022,LIBTYPE000002,2060148029,거제시립장평도서관,gyeongnam,거제시,70484,3,21565,75048,332728
2022,LIBTYPE000002,2060148037,거제시립하청도서관,gyeongnam,거제시,38634,2,2508,62052,370590
2022,LIBTYPE000002,2060148019,거창군립한마음도서관,gyeongnam,거창군,86647,4,4082,63703,1587290
2022,LIBTYPE000002,2060823014,검단도서관,incheon,서구,84453,4,6863,116033,603029
2022,LIBTYPE000002,2060123028,검암도서관,incheon,서구,48611,5,41332,119561,1343551
2022,LIBTYPE000002,2050141008,경기과천교육도서관,gyeonggi,과천시,190389,21,10308,313676,4007723
2022,LIBTYPE000002,2050141005,경기광주교육도서관,gyeonggi,광주시,112904,7,844,24412,1079640
2022,LIBTYPE000002,2050141003,경기김포교육도서관,gyeonggi,김포시,96912,7,1223,41106,850014
2022,LIBTYPE000002,2050141007,경기성남교육도서관,gyeonggi,성남시,231865,18,7865,105275,3337579
2022,LIBTYPE000002,2050141006,경기여주가남교육도서관,gyeonggi,여주시,80215,7,1006,27880,702434
2022,LIBTYPE000002,2050141010,경기의정부교육도서관,gyeonggi,의정부시,114390,7,1566,72205,1339321
2022,LIBTYPE000002,2050141001,경기중앙교육도서관,gyeonggi,수원시,175631,18,2789,107990,3675066
2022,LIBTYPE000002,2050141011,경기평생교육학습관,gyeonggi,수원시,697002,21,7209,187287,5466124
2022,LIBTYPE000002,2050141002,경기평택교육도서관,gyeonggi,평택시,117674,9,1639,45375,1146901
2022,LIBTYPE000002,2050141004,경기포천교육도서관,gyeonggi,포천시,71147,8,728,13157,1009884
2022,LIBTYPE000002,2050141009,경기화성교육도서관,gyeonggi,화성시,103595,8,3599,75179,1569605
2022,LIBTYPE000002,2060148038,경남대표도서관,gyeongnam,창원시,187486,13,33184,118677,5005682
2022,LIBTYPE000002,2060147038,경북도서관,gyeongbuk,예천군,147312,6,7091,170898,3871052
2022,LIBTYPE000002,2060147019,경산시립도서관,gyeongbuk,경산시,109425,8,8614,27403,458925
2022,LIBTYPE000002,2060147036,경산시립장산도서관,gyeongbuk,경산시,112637,2,22698,80712,281447
2022,LIBTYPE000002,2050148012,경상남도교육청 거제도서관,gyeongnam,거제시,118350,7,33474,335370,861422
2022,LIBTYPE000002,2050148023,경상남도교육청 거창도서관,gyeongnam,거창군,69733,5,12795,42622,638941
2022,LIBTYPE000002,2050148018,경상남도교육청 고성도서관,gyeongnam,고성군,97324,6,6004,57180,875532
2022,LIBTYPE000002,2050148007,경상남도교육청 김해도서관,gyeongnam,김해시,374568,19,13885,317292,3112267
2022,LIBTYPE000002,2050148026,경상남도교육청 김해지혜의바다도서관,gyeongnam,김해시,85979,9,9865,288416,1984277
2022,LIBTYPE000002,2050148016,경상남도교육청 남지도서관,gyeongnam,창녕군,84994,4,1581,30181,362837
2022,LIBTYPE000002,2050148019,경상남도교육청 남해도서관,gyeongnam,남해군,93136,4,1738,43328,703228
2022,LIBTYPE000002,2050148002,경상남도교육청 마산도서관,gyeongnam,창원시,284301,15,8881,268544,2235940
2022,LIBTYPE000002,2050148025,경상남도교육청 마산지혜의바다도서관,gyeongnam,창원시,102208,9,33648,349549,1374645
2022,LIBTYPE000002,2050148009,경상남도교육청 밀양도서관,gyeongnam,밀양시,99741,7,1314,29794,786644
2022,LIBTYPE000002,2050148006,경상남도교육청 사천도서관,gyeongnam,사천시,89172,6,15961,120856,1056993
2022,LIBTYPE000002,2050148021,경상남도교육청 산청도서관,gyeongnam,산청군,89511,4,2628,28000,805095
2022,LIBTYPE000002,2050148027,경상남도교육청 산청지리산도서관,gyeongnam,산청군,44352,4,5284,42840,550281
2022,LIBTYPE000002,2050148005,경상남도교육청 삼천포도서관,gyeongnam,사천시,87716,6,15083,74186,833318
2022,LIBTYPE000002,2050148017,경상남도교육청 양산도서관,gyeongnam,양산시,126308,6,8843,200400,950373
2022,LIBTYPE000002,2050148013,경상남도교육청 의령도서관,gyeongnam,의령군,74918,5,1896,35419,1857673
2022,LIBTYPE000002,2050148003,경상남도교육청 진동도서관,gyeongnam,창원시,98836,5,5912,64410,778123
2022,LIBTYPE000002,2050148011,경상남도교육청 진양도서관,gyeongnam,진주시,99821,6,22641,174034,1048211
2022,LIBTYPE000002,2050148008,경상남도교육청 진영도서관,gyeongnam,김해시,96696,5,1844,38679,695591
2022,LIBTYPE000002,2050148015,경상남도교육청 창녕도서관,gyeongnam,창녕군,110077,6,12668,53558,931114
2022,LIBTYPE000002,2050148001,경상남도교육청 창원도서관,gyeongnam,창원시,365281,22,8532,216289,7243455
2022,LIBTYPE000002,2050148004,경상남도교육청 통영도서관,gyeongnam,통영시,103543,7,997,62247,938445
2022,LIBTYPE000002,2050148010,경상남도교육청 하남도서관,gyeongnam,밀양시,77593,4,5346,20886,311284
2022,LIBTYPE000002,2050148020,경상남도교육청 하동도서관,gyeongnam,하동군,91406,6,11078,53853,777645
2022,LIBTYPE000002,2050148014,경상남도교육청 함안도서관,gyeongnam,함안군,82607,6,2485,63064,1640756
2022,LIBTYPE000002,2050148022,경상남도교육청 함양도서관,gyeongnam,함양군,95870,5,9363,50451,721560
2022,LIBTYPE000002,2050148024,경상남도교육청 합천도서관,gyeongnam,합천군,71759,4,1698,57508,433228
2022,LIBTYPE000002,2050147021,경상북도교육청 고령도서관,gyeongbuk,고령군,62467,4,8693,27187,667237
2022,LIBTYPE000002,2050147001,경상북도교육청 구미도서관,gyeongbuk,구미시,251391,16,82920,231963,2786268
2022,LIBTYPE000002,2050147012,경상북도교육청 금호도서관,gyeongbuk,영천시,74569,3,1261,42507,953011
2022,LIBTYPE000002,2050147025,경상북도교육청 봉화도서관,gyeongbuk,봉화군,86465,3,9702,29996,417702
2022,LIBTYPE000002,2050147015,경상북도교육청 삼국유사군위도서관,gyeongbuk,군위군,83606,6,983,26526,897366
2022,LIBTYPE000002,2050147003,경상북도교육청 상주도서관,gyeongbuk,상주시,208781,14,5104,140380,2244938
2022,LIBTYPE000002,2050147013,경상북도교육청 상주도서관화령분관,gyeongbuk,상주시,111474,3,534,12396,441546
2022,LIBTYPE000002,2050147023,경상북도교육청 성주도서관,gyeongbuk,성주군,84448,6,1247,41223,929195
2022,LIBTYPE000002,2050147002,경상북도교육청 안동도서관,gyeongbuk,안동시,213412,14,4925,161868,1932730
2022,LIBTYPE000002,2050147007,경상북도교육청 안동도서관용상분관,gyeongbuk,안동시,89119,4,2111,73063,652480
2022,LIBTYPE000002,2050147010,경상북도교육청 안동도서관풍산분관,gyeongbuk,안동시,92725,3,813,36164,633331
2022,LIBTYPE000002,2050147019,경상북도교육청 영덕도서관,gyeongbuk,영덕군,79710,4,1168,35826,744020
2022,LIBTYPE000002,2050147018,경상북도교육청 영양도서관,gyeongbuk,영양군,93824,3,806,23159,709721
2022,LIBTYPE000002,2050147004,경상북도교육청 영일도서관,gyeongbuk,포항시,94879,4,2642,96448,795077
2022,LIBTYPE000002,2050147005,경상북도교육청 영주선비도서관,gyeongbuk,영주시,160542,13,6251,180531,2067044
2022,LIBTYPE000002,2050147011,경상북도교육청 영주선비도서관풍기분관,gyeongbuk,영주시,85058,3,938,51998,527843
2022,LIBTYPE000002,2050147024,경상북도교육청 예천도서관,gyeongbuk,예천군,55074,4,8718,23765,786863
2022,LIBTYPE000002,2050147008,경상북도교육청 외동도서관,gyeongbuk,경주시,93574,4,1276,37650,642937
2022,LIBTYPE000002,2050147027,경상북도교육청 울릉도서관,gyeongbuk,울릉군,82209,2,360,9112,656014
2022,LIBTYPE000002,2050147026,경상북도교육청 울진도서관,gyeongbuk,울진군,92779,4,1397,46861,680891
2022,LIBTYPE000002,2050147016,경상북도교육청 의성도서관,gyeongbuk,의성군,93606,6,1165,32445,842918
2022,LIBTYPE000002,2050147006,경상북도교육청 점촌도서관,gyeongbuk,문경시,65964,5,1198,36674,779472
2022,LIBTYPE000002,2050147014,경상북도교육청 점촌도서관가은분관,gyeongbuk,문경시,43162,3,432,9494,381570
2022,LIBTYPE000002,2050147020,경상북도교육청 청도도서관,gyeongbuk,청도군,93549,7,1969,51250,1101355
2022,LIBTYPE000002,2050147017,경상북도교육청 청송도서관,gyeongbuk,청송군,79867,3,4058,14356,646958
2022,LIBTYPE000002,2050147022,경상북도교육청 칠곡도서관,gyeongbuk,칠곡군,60168,5,1426,45658,800417
2022,LIBTYPE000002,2050147029,경상북도교육청문화원,gyeongbuk,포항시,53657,2,1883,58846,279453
2022,LIBTYPE000002,2050147028,경상북도교육청정보센터,gyeongbuk,경산시,180943,13,7326,225326,5993187
2022,LIBTYPE000002,2060147004,경주시립도서관,gyeongbuk,경주시,220984,12,11037,291887,2755827
2022,LIBTYPE000002,2060147005,경주중앙도서관,gyeongbuk,경주시,36180,2,6010,18054,237508
2022,LIBTYPE000002,2060144001,계룡도서관,chungnam,계룡시,76651,2,16756,57820,549451
2022,LIBTYPE000002,2060124009,계림꿈나무도서관,gwangju,동구,25483,2.5,1236,29998,347578
2022,LIBTYPE000002,2050142022,고성교육도서관,gangwon,고성군,46101,3,4723,14131,485785
2022,LIBTYPE000002,2060142021,고성군립도서관,gangwon,고성군,66454,1,555,13228,249369
2022,LIBTYPE000002,2060148018,고성동부도서관,gyeongnam,고성군,39044,0,227,3732,66581
2022,LIBTYPE000002,2060141264,고양시립 별꿈도서관,gyeonggi,고양시,14310,2,5605,96392,554605
2022,LIBTYPE000002,2060141163,고양시립 신원도서관,gyeonggi,고양시,79783,2,22590,213086,1140042
2022,LIBTYPE000002,2060141196,고양시립가좌도서관,gyeonggi,고양시,78108,2,5233,136391,1385340
2022,LIBTYPE000002,2060141086,고양시립대화도서관,gyeonggi,고양시,144133,6,15270,285995,2316286
2022,LIBTYPE000002,2060141135,고양시립덕이도서관,gyeonggi,고양시,87573,2,17318,145585,1855362
2022,LIBTYPE000002,2060141060,고양시립마두도서관,gyeonggi,고양시,158600,4,20819,208196,1380167
2022,LIBTYPE000002,2060141061,고양시립백석도서관,gyeonggi,고양시,135873,2.5,24829,209001,1179119
2022,LIBTYPE000002,2060141176,고양시립삼송도서관,gyeonggi,고양시,80345,2.5,23719,302193,1272679
2022,LIBTYPE000002,2060141136,고양시립식사도서관,gyeonggi,고양시,88791,3,13835,109005,2268593
2022,LIBTYPE000002,2060141059,고양시립아람누리도서관,gyeonggi,고양시,187966,5,28686,245168,1589737
2022,LIBTYPE000002,2060141064,고양시립원당도서관,gyeonggi,고양시,74723,2,10279,51503,688311
2022,LIBTYPE000002,2060141250,고양시립일산도서관,gyeonggi,고양시,41023,3,17730,171919,973351
2022,LIBTYPE000017,2060841010,고양시립주엽어린이도서관,gyeonggi,고양시,121364,3,15892,302212,1149146
2022,LIBTYPE000002,2060141094,고양시립풍동도서관,gyeonggi,고양시,88651,3,19278,163958,1069083
2022,LIBTYPE000002,2060141087,고양시립한뫼도서관,gyeonggi,고양시,132236,2,21840,172292,1965701
2022,LIBTYPE000002,2060141063,고양시립행신도서관,gyeonggi,고양시,141656,4,22440,169514,1163686
2022,LIBTYPE000018,2060841012,고양시립행신어린이도서관,gyeonggi,고양시,101468,2,5782,176876,826747
2022,LIBTYPE000002,2060141062,고양시립화정도서관,gyeonggi,고양시,152409,14,27857,225458,4526996
2022,LIBTYPE000019,2060841011,고양시립화정어린이도서관,gyeonggi,고양시,101109,2,14780,238258,893656
2022,LIBTYPE000002,2060132010,고운남측도서관,sejong,세종시,33003,1,7092,108571,137985
2022,LIBTYPE000002,2060132008,고운동도서관,sejong,세종시,45517,1,6741,84777,144112
2022,LIBTYPE000002,2060145023,고창군립도서관,jeonbuk,고창군,62766,4,757,8339,422199
2022,LIBTYPE000002,2060145026,고창군립성호도서관,jeonbuk,고창군,50524,1,4923,15896,207840
2022,LIBTYPE000002,2060121023,고촌어울림도서관,busan,기장군,20330,1,962,28426,376299
2022,LIBTYPE000002,2060148002,고향의봄도서관,gyeongnam,창원시,169215,2,8014,89668,1485953
2022,LIBTYPE000002,2060146014,고흥군립도서관,jeonnam,고흥군,83725,0,9530,9388,148226
2022,LIBTYPE000002,2060146015,고흥군립북부도서관,jeonnam,고흥군,52316,0,1081,3192,156000
2022,LIBTYPE000002,2060146034,고흥군립중앙도서관,jeonnam,고흥군,52982,5,2665,10500,430000
2022,LIBTYPE000002,2060141108,곤지암도서관,gyeonggi,광주시,93263,4,23456,50217,675658
2022,LIBTYPE000002,2060144002,공주기적의도서관,chungnam,공주시,126382,4,24986,103925,749560
2022,LIBTYPE000002,2060144003,공주시 웅진도서관,chungnam,공주시,137941,6,2301,63526,636294
2022,LIBTYPE000002,2060141131,과천시문원도서관,gyeonggi,과천시,69463,3,11035,93397,1147760
2022,LIBTYPE000002,2060141058,과천시정보과학도서관,gyeonggi,과천시,334401,9,10991,519462,4497824
2022,LIBTYPE000002,2060823005,관교어린이도서관,incheon,미추홀구,26097,0,1048,25941,112265
2022,LIBTYPE000002,2060111010,관악중앙도서관,seoul,관악구,183567,13,19184,201144,1813591
2022,LIBTYPE000002,2030146001,관옥나무도서관,jeonnam,순천시,6120,1,1000,1145,44000
2022,LIBTYPE000002,2060142020,관전도서관,gangwon,철원군,33741,1,1565,7969,110000
2022,LIBTYPE000002,2060125023,관평도서관,daejeon,유성구,46087,6,5336,131559,663085
2022,LIBTYPE000002,2060141034,광명시 광명도서관,gyeonggi,광명시,249042,7,12257,137714,2461892
2022,LIBTYPE000002,2060141191,광명시소하도서관,gyeonggi,광명시,146246,6,16525,326274,2068147
2022,LIBTYPE000002,2060141244,광명시연서도서관,gyeonggi,광명시,41942,3,8036,82357,781815
2022,LIBTYPE000002,2060141145,광명시철산도서관,gyeonggi,광명시,148027,5,18103,234673,2186246
2022,LIBTYPE000002,2060141213,광명시충현도서관,gyeonggi,광명시,60793,2,50833,102503,469065
2022,LIBTYPE000002,2060141035,광명시하안도서관,gyeonggi,광명시,258604,10,18079,273060,2159285
2022,LIBTYPE000002,2060146046,광양금호도서관,jeonnam,광양시,15155,5,1416,10966,596925
2022,LIBTYPE000002,2060146011,광양시립중마도서관,jeonnam,광양시,79844,3,4692,105310,620192
2022,LIBTYPE000002,2060146010,광양시립중앙도서관,jeonnam,광양시,177544,4,2931,33405,2020319
2022,LIBTYPE000002,2060146044,광양용강도서관,jeonnam,광양시,42530,3,2507,46967,600471
2022,LIBTYPE000002,2060846003,광양희망도서관,jeonnam,광양시,52231,4,2723,99661,714222
2022,LIBTYPE000002,2060141201,광적도서관,gyeonggi,양주시,50086,5,3680,23493,376725
2022,LIBTYPE000002,2060124018,광주광역시립디지털정보도서관,gwangju,동구,3396,2,0,0,1326467
2022,LIBTYPE000002,2060124001,광주광역시립무등도서관,gwangju,북구,375158,21,9645,204586,3819121
2022,LIBTYPE000002,2060124002,광주광역시립사직도서관,gwangju,남구,251758,4,6213,132813,2021109
2022,LIBTYPE000002,2060124003,광주광역시립산수도서관,gwangju,동구,216532,4,5401,111892,2031046
2022,LIBTYPE000002,2060124008,광주남구문화정보도서관,gwangju,남구,103008,2,4892,46144,649721
2022,LIBTYPE000002,2060824004,광주남구푸른길도서관,gwangju,남구,60932,2,4537,87496,789885
2022,LIBTYPE000002,2060124011,광주북구운암도서관,gwangju,북구,101538,3,6803,126602,1106705
2022,LIBTYPE000002,2060124005,광주북구일곡도서관,gwangju,북구,156800,3,34332,108539,2041991
2022,LIBTYPE000002,2060124004,광주서구공공도서관,gwangju,서구,58080,3,778,77413,212594
2022,LIBTYPE000002,2050124005,광주송정다가치문화도서관,gwangju,광산구,163540,8,2959,74718,1855426
2022,LIBTYPE000002,2060141048,광주시립중앙도서관,gyeonggi,광주시,312617,11,12719,261183,3409337
2022,LIBTYPE000002,2050124001,광주중앙도서관,gwangju,동구,174904,8,5101,84844,1674310
2022,LIBTYPE000002,2050124006,광주중앙도서관 분관 최상준도서관,gwangju,북구,44586,5,3168,59336,525465
2022,LIBTYPE000002,2050124004,광주학생교육문화회관,gwangju,서구,182924,11,6478,162676,8062725
2022,LIBTYPE000002,2050124002,광주학생독립운동기념회관,gwangju,서구,231174,9,6698,155272,3199723
2022,LIBTYPE000002,2060111004,광진정보도서관,seoul,광진구,304676,18,16492,510288,2833958
2022,LIBTYPE000002,2060144024,광천공공도서관,chungnam,홍성군,110420,3,8192,8192,477074
2022,LIBTYPE000002,2050143011,괴산교육도서관,chungbuk,괴산군,66909,3,7555,25256,430595
2022,LIBTYPE000002,2060121028,교리도서관,busan,기장군,12831,3,2653,24737,662842
2022,LIBTYPE000002,2060141096,교하도서관,gyeonggi,파주시,201164,10,41930,239673,2917448
2022,LIBTYPE000002,2060146013,구례군매천도서관,jeonnam,구례군,41930,1,5059,9121,400740
2022,LIBTYPE000002,2060111057,구로구립 온누리도서관,seoul,구로구,28768,2,669,14190,179414
2022,LIBTYPE000002,20601110031,구로기적의도서관,seoul,구로구,28163,7,4811,105256,630975
2022,LIBTYPE000002,2060111012,구로꿈나무도서관,seoul,구로구,69681,2,5667,35729,448343
2022,LIBTYPE000002,2060141075,구리시교문도서관,gyeonggi,구리시,164399,4,1162,1898,419424
2022,LIBTYPE000002,2060141111,구리시립토평도서관,gyeonggi,구리시,179786,9,10455,250575,2014951
2022,LIBTYPE000002,2060141074,구리시인창도서관,gyeonggi,구리시,250333,7.5,9059,209288,2757501
2022,LIBTYPE000002,20601110001,구립구산동도서관마을,seoul,은평구,73814,9,79215,174722,1420457
2022,LIBTYPE000002,20601110047,구립김영삼도서관,seoul,동작구,47057,16,68906,171318,1679041
2022,LIBTYPE000002,20601110004,구립상림도서관,seoul,은평구,37051,2,2833,52308,293740
2022,LIBTYPE000002,2060111048,구립은평뉴타운도서관,seoul,은평구,66805,8,11136,187394,1249015
2022,LIBTYPE000002,2060111040,구립증산정보도서관,seoul,은평구,69811,8,12893,176485,1332097
2022,LIBTYPE000002,2060147014,구미시립봉곡도서관,gyeongbuk,구미시,135212,4,6948,152621,1573813
2022,LIBTYPE000002,2060147031,구미시립상모정수도서관,gyeongbuk,구미시,98559,2,4807,107427,958189
2022,LIBTYPE000002,2060147013,구미시립선산도서관,gyeongbuk,구미시,89239,3,6239,43142,1045117
2022,LIBTYPE000002,2060147039,구미시립양포도서관,gyeongbuk,구미시,40233,5,71400,247847,1213714
2022,LIBTYPE000002,2060147012,구미시립인동도서관,gyeongbuk,구미시,177032,3,4307,79827,1075000
2022,LIBTYPE000002,2060147011,구미시립중앙도서관,gyeongbuk,구미시,250633,11,6650,120104,2899375
2022,LIBTYPE000002,2060122003,구수산도서관,daegu,북구,124193,12,10050,189239,1270357
2022,LIBTYPE000002,2060125022,구암도서관,daejeon,유성구,61166,2,7213,100526,343408
2022,LIBTYPE000002,20601110003,구의제3동도서관,seoul,광진구,26117,3,7452,80988,281077
2022,LIBTYPE000002,2060125011,구즉도서관,daejeon,유성구,97900,3,6172,99256,802826
2022,LIBTYPE000002,2050145017,군산교육문화회관,jeonbuk,군산시,106292,7,2701,57875,3130242
2022,LIBTYPE000002,2050145014,군산교육문화회관 대야분관,jeonbuk,군산시,56699,3,205,1689,516569
2022,LIBTYPE000002,2060145044,군산시립금강도서관,jeonbuk,군산시,39314,5,4217,74797,822948
2022,LIBTYPE000002,2060145017,군산시립도서관,jeonbuk,군산시,166204,11,11987,260467,2071500
2022,LIBTYPE000002,20601110059,군자동도서관,seoul,광진구,13999,3,4016,45237,234246
2022,LIBTYPE000002,2060141039,군포시 당동도서관,gyeonggi,군포시,120933,2.5,4962,68324,962599
2022,LIBTYPE000002,2060141040,군포시 대야도서관,gyeonggi,군포시,112553,3,6542,76043,1294908
2022,LIBTYPE000002,2060141146,군포시 부곡도서관,gyeonggi,군포시,98580,4,7573,118610,949133
2022,LIBTYPE000002,2060141038,군포시 산본도서관,gyeonggi,군포시,222182,2,0,0,4839302
2022,LIBTYPE000002,2060841008,군포시 어린이도서관,gyeonggi,군포시,115952,5,45952,217362,483929
2022,LIBTYPE000002,2060141088,군포시 중앙도서관,gyeonggi,군포시,419091,9.5,18955,517990,4735212
2022,LIBTYPE000002,2060811020,궁동어린이도서관,seoul,구로구,22782,3,2154,54497,391469
2022,LIBTYPE000008,2060811013,글마루한옥어린이도서관,seoul,구로구,27487,3,1199,26565,247226
2022,LIBTYPE000002,20601110046,글빛도서관,seoul,성북구,20609,6,9262,129948,291183
2022,LIBTYPE000002,2060111028,글빛정보도서관,seoul,관악구,68264,3,10288,81135,454639
2022,LIBTYPE000002,2060121019,금곡도서관,busan,북구,67919,4,5598,102170,735409
2022,LIBTYPE000002,2060141265,금사도서관,gyeonggi,여주시,14295,0.5,630,9465,154357
2022,LIBTYPE000002,2060844001,금산기적의도서관,chungnam,금산군,50096,1,3361,18034,246200
2022,LIBTYPE000002,2060144004,금산인삼고을도서관,chungnam,금산군,75834,2,4058,11023,520460
2022,LIBTYPE000002,2060121027,금샘도서관,busan,금정구,63457,9.5,17961,350549,1358800
2022,LIBTYPE000002,2050143014,금왕교육도서관,chungbuk,음성군,70269,4,7068,22774,309921
2022,LIBTYPE000002,2060146023,금일공공도서관,jeonnam,완도군,48405,0,7443,8343,138510
2022,LIBTYPE000002,2060121008,금정도서관,busan,금정구,248239,10,13563,274967,2256569
2022,LIBTYPE000002,2060111030,금천구립가산도서관,seoul,금천구,77191,8,17150,79850,549477
2022,LIBTYPE000002,2060111049,금천구립금나래도서관,seoul,금천구,63988,8,38883,138112,498598
2022,LIBTYPE000002,2060111003,금천구립독산도서관,seoul,금천구,121780,6,26876,81787,535644
2022,LIBTYPE000002,2060111084,금천구립시흥도서관,seoul,금천구,86290,6,41228,111439,500043
2022,LIBTYPE000002,2060141127,금촌3동솔빛도서관,gyeonggi,파주시,54654,3,2924,39036,313372
2022,LIBTYPE000002,2050124003,금호평생교육관,gwangju,남구,164278,11,17731,68168,2318249
2022,LIBTYPE000002,2060121009,기장도서관,busan,기장군,191108,7,5922,99913,1219044
2022,LIBTYPE000002,20601110051,김근태기념도서관,seoul,도봉구,14917,5,2158,10666,833806
2022,LIBTYPE000002,2050145018,김제교육문화회관,jeonbuk,김제시,93642,5,1130,9724,2044489
2022,LIBTYPE000002,2050145007,김제교육문화회관 금산분관,jeonbuk,김제시,55435,2,173,4178,335726
2022,LIBTYPE000002,2060145009,김제시립도서관,jeonbuk,김제시,171773,5,2679,58348,3361185
2022,LIBTYPE000002,2060145011,김제시립도서관금구분관,jeonbuk,김제시,37712,2,491,13484,566275
2022,LIBTYPE000002,2060145010,김제시립도서관만경분관,jeonbuk,김제시,29724,1,357,4801,470490
2022,LIBTYPE000002,2060147043,김천시립 율곡도서관,gyeongbuk,김천시,87955,4,2934,13279,1148780
2022,LIBTYPE000002,2060147009,김천시립도서관,gyeongbuk,김천시,223305,8,5160,148551,2503946
2022,LIBTYPE000002,2060141216,김포시고촌도서관,gyeonggi,김포시,94902,2,7770,254386,535826
2022,LIBTYPE000002,2060141256,김포시마산도서관,gyeonggi,김포시,62440,5,13010,337242,1121444
2022,LIBTYPE000002,2060141132,김포시양곡도서관,gyeonggi,김포시,103591,2,6330,122518,921309
2022,LIBTYPE000002,2060141223,김포시장기도서관,gyeonggi,김포시,148609,12,22006,515321,2199982
2022,LIBTYPE000002,2060141047,김포시중봉도서관,gyeonggi,김포시,381372,3,8809,219133,1094682
2022,LIBTYPE000002,2060141104,김포시통진도서관,gyeonggi,김포시,173395,3,46159,134239,1137032
2022,LIBTYPE000002,2060141232,김포시풍무도서관,gyeonggi,김포시,115445,3,15910,390614,1325607
2022,LIBTYPE000002,2060848006,김해기적의도서관,gyeongnam,김해시,59164,3,57075,198602,912282
2022,LIBTYPE000002,2060148039,김해율하도서관,gyeongnam,김해시,65824,4,106058,228970,1017172
2022,LIBTYPE000002,20601110052,까망돌도서관,seoul,동작구,27115,8,9223,139369,1054683
2022,LIBTYPE000002,2030122005,꿈꾸는마을도서관 도토리,daegu,북구,19436,0,611,1512,82080
2022,LIBTYPE000002,2060111035,꿈마을 도서관,seoul,구로구,19301,2,1549,24378,234039
2022,LIBTYPE000002,2060123018,꿈벗도서관,incheon,중구,41223,4,3468,13451,324169
2022,LIBTYPE000002,2060148013,꿈이랑도서관,gyeongnam,통영시,27170,3,1251,18385,572116
2022,LIBTYPE000002,2030821001,꿈키어린이도서관,busan,동래구,8752,1,4956,4935,45631
2022,LIBTYPE000002,2060146009,나주시립도서관,jeonnam,나주시,93263,1,2359,9543,403740
2022,LIBTYPE000002,2060124015,남구 청소년도서관,gwangju,남구,53492,2,5439,102976,741375
2022,LIBTYPE000002,2060121002,남구도서관,busan,남구,277851,11,23478,361431,1842510
2022,LIBTYPE000002,2060123034,남동논현도서관,incheon,남동구,46235,5,10470,187534,1186843
2022,LIBTYPE000002,2060142039,남면도서관,gangwon,홍천군,17665,0.5,6555,13659,120764
2022,LIBTYPE000002,2060131014,남목도서관,ulsan,동구,22709,2,2767,30317,373328
2022,LIBTYPE000002,2060848010,남부어린이도서관,gyeongnam,진주시,34517,2,501,100569,832500
2022,LIBTYPE000002,2060141217,남사도서관,gyeonggi,용인시,76588,2,11257,171558,1150877
2022,LIBTYPE000030,2060811012,남산타운문화체육센터 어린이도서관,seoul,중구,43630,3,14588,60526,358025
2022,LIBTYPE000002,2060141095,남양주시 별내도서관,gyeonggi,남양주시,125748,4,8059,77193,738634
2022,LIBTYPE000002,2060141112,남양주시 오남도서관,gyeonggi,남양주시,125174,4,11073,105766,873430
2022,LIBTYPE000002,2060141103,남양주시 와부도서관,gyeonggi,남양주시,138754,4,79485,215303,1123063
2022,LIBTYPE000002,2060141247,남양주시 이석영뉴미디어도서관,gyeonggi,남양주시,48350,1,44146,127875,1475416
2022,LIBTYPE000002,2060141067,남양주시 정약용도서관,gyeonggi,남양주시,207989,7.5,26213,435040,2113926
2022,LIBTYPE000002,2060141069,남양주시 진건도서관,gyeonggi,남양주시,110191,2,7529,66261,705286
2022,LIBTYPE000002,2060141157,남양주시 진접푸른숲도서관,gyeonggi,남양주시,98805,4.5,9799,160232,740478
2022,LIBTYPE000002,2060141140,남양주시 퇴계원도서관,gyeonggi,남양주시,93460,3.5,8764,124354,899682
2022,LIBTYPE000002,2060141110,남양주시 평내도서관,gyeonggi,남양주시,124979,3,10735,175709,904607
2022,LIBTYPE000002,2060141208,남양주시 호평도서관,gyeonggi,남양주시,65800,3,9138,145972,845047
2022,LIBTYPE000002,2060141068,남양주시 화도도서관,gyeonggi,남양주시,128012,3,8810,113938,636916
2022,LIBTYPE000002,2060141154,남양주시진접도서관,gyeonggi,남양주시,100120,3,9313,127134,843605
2022,LIBTYPE000002,2050145003,남원교육문화회관,jeonbuk,남원시,110374,4,4895,18135,2093053
2022,LIBTYPE000002,2050145013,남원교육문화회관 운봉분관,jeonbuk,남원시,57991,3,262,6424,395436
2022,LIBTYPE000002,2060145022,남원시립도서관,jeonbuk,남원시,60032,2,2009,31442,388710
2022,LIBTYPE000020,2060845003,남원시어린이청소년도서관,jeonbuk,남원시,31204,2,1898,45774,494466
2022,LIBTYPE000002,2060123022,내가도서관,incheon,강화군,16599,0,958,5049,96095
2022,LIBTYPE000002,20601110026,내를건너서숲으로도서관,seoul,은평구,52620,8,43474,107469,1285993
2022,LIBTYPE000002,2060121024,내리새라도서관,busan,기장군,19837,2,1987,47744,363500
2022,LIBTYPE000002,2060148011,내서도서관,gyeongnam,창원시,130961,1,9280,115321,1774899
2022,LIBTYPE000002,2060811001,노원어린이도서관,seoul,노원구,67782,6,8995,173343,819279
2022,LIBTYPE000002,2060111026,노원중앙도서관,seoul,노원구,173162,18,22424,293900,3996251
2022,LIBTYPE000002,2060125019,노은도서관,daejeon,유성구,88604,4,13463,255795,780373
2022,LIBTYPE000002,2060141254,노을빛도서관,gyeonggi,화성시,24868,2,5160,89242,413842
2022,LIBTYPE000002,2060146024,노화공공도서관,jeonnam,완도군,59301,0,5665,5665,138310
2022,LIBTYPE000002,2060141179,논골도서관,gyeonggi,성남시,16648,1,8978,18051,301568
2022,LIBTYPE000002,2060144005,논산강경도서관,chungnam,논산시,70232,1,1093,27604,326672
2022,LIBTYPE000002,2060144006,논산연무도서관,chungnam,논산시,69805,1,1087,26881,285559
2022,LIBTYPE000002,2060144043,논산열린도서관,chungnam,논산시,73731,5,17472,135406,1411384
2022,LIBTYPE000002,2060111013,논현도서관,seoul,강남구,50316,5,12509,84825,594539
2022,LIBTYPE000002,2060131002,농소1동도서관,ulsan,북구,53196,1,3308,53187,466644
2022,LIBTYPE000002,2030121002,느티나무도서관,busan,해운대구,19855,1,1730,5292,115300
2022,LIBTYPE000002,2030141006,느티나무도서관,gyeonggi,용인시,64671,5,3521,79719,881918
2022,LIBTYPE000002,2060845002,늘푸른도서관,jeonbuk,군산시,82114,3,5183,87084,659699
2022,LIBTYPE000002,2060141203,능평도서관,gyeonggi,광주시,76591,3,6390,149066,741537
2022,LIBTYPE000002,2060143017,다누리도서관,chungbuk,단양군,105838,1,1531,28283,795274
2022,LIBTYPE000002,2060121013,다대도서관,busan,사하구,146507,7.5,8719,173381,2169991
2022,LIBTYPE000002,2060147037,다산도서관,gyeongbuk,고령군,27005,2,4986,17096,319038
2022,LIBTYPE000002,20601110050,다산성곽도서관,seoul,중구,11455,4,2300,17577,526430
2022,LIBTYPE000002,2060132011,다정동도서관,sejong,세종시,41187,1,103561,198086,215493
2022,LIBTYPE000002,2060147007,단석도서관,gyeongbuk,경주시,49106,2,3307,11456,255939
2022,LIBTYPE000002,2050143015,단양교육도서관,chungbuk,단양군,58502,3,137,2012,867182
2022,LIBTYPE000002,2060111075,달빛마루도서관,seoul,성북구,59525,5,6841,56782,390016
2022,LIBTYPE000002,2060122017,달서가족문화도서관,daegu,달서구,75954,4,13786,443852,731983
2022,LIBTYPE000002,2060122001,달서구립도원도서관,daegu,달서구,104576,3,9499,152308,400792
2022,LIBTYPE000002,2060122006,달서구립본리도서관,daegu,달서구,96157,4,11265,215372,671682
2022,LIBTYPE000002,2060122002,달서구립성서도서관,daegu,달서구,99768,3,9924,159124,754877
2022,LIBTYPE000002,2060822001,달서어린이도서관,daegu,달서구,87831,2,5159,140976,507357
2022,LIBTYPE000002,2060122023,달서영어도서관,daegu,달서구,37885,3,2268,80118,529224
2022,LIBTYPE000002,2060122009,달성군립도서관,daegu,달성군,86929,8,7763,200256,1583677
2022,LIBTYPE000002,2030842001,담작은도서관,gangwon,춘천시,36152,4,7258,29554,402960
2022,LIBTYPE000002,2060144007,당진시립송악도서관,chungnam,당진시,61600,1,19269,46971,297220
2022,LIBTYPE000002,2060144025,당진시립중앙도서관,chungnam,당진시,175437,7,6041,45947,1613184
2022,LIBTYPE000002,2060144008,당진시립합덕도서관,chungnam,당진시,38406,1,1366,12825,319130
2022,LIBTYPE000002,2060122014,대구 동구 신천도서관,daegu,동구,40583,6,3725,71902,471273
2022,LIBTYPE000002,2050122010,대구2.28기념학생도서관 (구 대봉도서관),daegu,동구,298392,24,45985,308038,3551500
2022,LIBTYPE000002,2050122005,대구광역시립남부도서관,daegu,남구,355821,14,8772,220604,2149817
2022,LIBTYPE000002,2050122011,대구광역시립달성도서관,daegu,달성군,135557,9,4798,166595,1264158
2022,LIBTYPE000002,2050122003,대구광역시립동부도서관,daegu,동구,334794,14,7273,199271,2170801
2022,LIBTYPE000002,2050122009,대구광역시립두류도서관,daegu,달서구,300860,11,42067,174873,1871950
2022,LIBTYPE000002,2050122008,대구광역시립북부도서관,daegu,북구,272759,11,14066,388964,1964002
2022,LIBTYPE000002,2050122006,대구광역시립서부도서관,daegu,서구,309495,13,1770,28203,2893241
2022,LIBTYPE000002,2050122007,대구광역시립수성도서관,daegu,수성구,301832,11,10763,292957,2003029
2022,LIBTYPE000002,2050122001,대구광역시립중앙도서관,daegu,중구,525070,13,6910,111723,2772681
2022,LIBTYPE000002,2060122012,대구광역시북구대현도서관,daegu,북구,62695,3,4916,112433,378886
2022,LIBTYPE000002,2060122015,대구북구태전도서관,daegu,북구,55379,4,35419,162601,462008
2022,LIBTYPE000002,2060121018,대라다목적도서관,busan,기장군,45538,2,2086,37791,572407
2022,LIBTYPE000002,2060111033,대림도서관,seoul,영등포구,80765,7,8868,162461,1390561
2022,LIBTYPE000002,2060122018,대명어울림도서관,daegu,남구,13363,1,4441,15726,400009
2022,LIBTYPE000002,2060811016,대방어린이도서관,seoul,동작구,31087,2,8159,137485,201438
2022,LIBTYPE000002,2060141199,대부도서관,gyeonggi,안산시,47291,1,4503,18246,319091
2022,LIBTYPE000002,2060141240,대신도서관,gyeonggi,여주시,25626,2,1413,35707,425024
2022,LIBTYPE000002,2060125001,대전광역시한밭도서관,daejeon,중구,900474,35,14808,415522,7583738
2022,LIBTYPE000002,2060125004,대전동구가오도서관,daejeon,동구,120935,6,5708,183087,649080
2022,LIBTYPE000002,2060125002,대전동구용운도서관,daejeon,동구,120715,4,4116,140855,1013503
2022,LIBTYPE000002,2060125005,대전동구판암도서관,daejeon,동구,36682,1,1327,25702,218346
2022,LIBTYPE000002,2060125014,대전둔산도서관,daejeon,서구,140546,3,9102,250288,1107847
2022,LIBTYPE000002,2050125001,대전학생교육문화원,daejeon,중구,129690,12,7012,239691,3083707
2022,LIBTYPE000002,2050125002,대전학생교육문화원 부설 산성도서관,daejeon,중구,68046,8,17633,95656,1688520
2022,LIBTYPE000002,2060111014,대치도서관,seoul,강남구,58829,7,16723,145488,602110
2022,LIBTYPE000002,2060132005,대평동도서관,sejong,세종시,43889,1,6880,94260,191962
2022,LIBTYPE000002,2030111007,더불어 숲,daegu,북구,34506,0,9078,9908,65435
2022,LIBTYPE000002,2060111085,도곡정보문화도서관,seoul,강남구,115698,10,24227,304457,1508848
2022,LIBTYPE000002,2060132002,도담동도서관,sejong,세종시,41459,1,5218,51683,125063
2022,LIBTYPE000002,2060848003,도동어린이도서관,gyeongnam,진주시,27739,1,15047,36232,84565
2022,LIBTYPE000002,2060811017,도봉기적의도서관,seoul,도봉구,39989,6,4944,75520,703649
2022,LIBTYPE000002,2060111008,도봉문화정보도서관,seoul,도봉구,150836,10,9957,164928,2223146
2022,LIBTYPE000002,2060111045,도봉아이나라도서관,seoul,도봉구,106921,4,57929,158623,609250
2022,LIBTYPE000002,2060823007,독정골어린이도서관,incheon,미추홀구,24651,0,413,8613,93979
2022,LIBTYPE000002,2060111093,돌마리도서관,seoul,송파구,27218,2,7706,73040,249282
2022,LIBTYPE000002,2060122007,동구구립 안심도서관,daegu,동구,140081,12,87798,334470,1450712
2022,LIBTYPE000002,2060121003,동구도서관,busan,63.31,120795,5,3705,92579,696322
2022,LIBTYPE000002,2060821006,동구어린이영어도서관,busan,동구,38318,3,1852,64517,385683
2022,LIBTYPE000002,2050149004,동녘도서관,jeju,289.67,91038,3,1680,45828,704277
2022,LIBTYPE000002,2060111090,동대문구 답십리 도서관,seoul,동대문구,106723,9,12943,299659,1375009
2022,LIBTYPE000002,2060111025,동대문구정보화도서관,seoul,동대문구,169052,11,9310,198291,1407821
2022,LIBTYPE000002,20601110042,동대문책마당도서관,seoul,동대문구,13164,3,3428,28780,161671
2022,LIBTYPE000002,2060141081,동두천꿈나무정보도서관,gyeonggi,동두천시,156292,3,3799,80698,680931
2022,LIBTYPE000002,2060141080,동두천시립도서관,gyeonggi,동두천시,210251,4,3478,98084,941589
2022,LIBTYPE000002,2060121015,동래읍성도서관,busan,동래구,59349,4,35002,121236,498190
2022,LIBTYPE000002,2060148008,동부도서관,gyeongnam,283.76,147823,5,9287,180194,1326513
2022,LIBTYPE000002,2060123009,동양도서관,incheon,계양구,44233,3,14940,43890,522416
2022,LIBTYPE000002,2030122008,동일공공도서관,daegu,동구,17440,0,145,295,72077
2022,LIBTYPE000002,2060111043,동작어린이도서관,seoul,동작구,52880,3,7431,100159,335102
2022,LIBTYPE000002,2060123033,동춘나래도서관,incheon,연수구,34315,1.5,78080,150000,352499
2022,LIBTYPE000002,2060141120,동탄복합문화센터도서관,gyeonggi,화성시,208049,7,28597,647028,1560000
2022,LIBTYPE000002,2050142011,동해교육도서관,gangwon,동해시,114989,4,2399,51210,708579
2022,LIBTYPE000002,2060142009,동해시립발한도서관,gangwon,동해시,141725,4.5,2883,70497,701428
2022,LIBTYPE000002,2060142010,동해시립북삼도서관,gangwon,동해시,115549,4,9932,55720,719428
2022,LIBTYPE000005,2060841015,두빛나래 어린이도서관,gyeonggi,화성시,77990,3,7504,80016,1117634
2022,LIBTYPE000002,2060142033,둔내태성도서관,gangwon,횡성군,27803,0.5,498,2498,216684
2022,LIBTYPE000002,2060811018,둘리도서관,seoul,도봉구,14216,1,2362,6987,180047
2022,LIBTYPE000002,2030141009,라이브러리 티티섬,gyeonggi,성남시,14973,3,1060,2004,978395
2022,LIBTYPE000002,2060143023,레인보우영동도서관,chungbuk,영동군,63150,3,40174,40174,246400
2022,LIBTYPE000002,2060148012,마산합포도서관,gyeongnam,창원시,212057,8.5,13471,201393,1141808
2022,LIBTYPE000002,2060148010,마산회원도서관,gyeongnam,창원시,189987,5,36479,118834,1623357
2022,LIBTYPE000002,2060111041,마포구립서강도서관,seoul,마포구,70643,8,70586,182320,1059641
2022,LIBTYPE000002,20601110053,마포소금나루도서관,seoul,마포구,37945,6,62870,171017,436713
2022,LIBTYPE000002,20601110016,마포중앙도서관,seoul,마포구,225389,12.5,30644,1250038,5434235
2022,LIBTYPE000009,2060811024,마포푸르메어린이도서관,seoul,마포구,19315,1,4140,89530,142842
2022,LIBTYPE000002,2030848001,마하 어린이도서관,gyeongnam,진주시,16669,1,2169,2906,174480
2022,LIBTYPE000002,2060121004,만덕도서관,busan,북구,129196,6,4267,113630,1047541
2022,LIBTYPE000002,2030141007,만화도서관,gyeonggi,부천시,214415,1,998,998,301009
2022,LIBTYPE000002,2060121011,망미도서관,busan,수영구,76580,2,44181,134290,509361
2022,LIBTYPE000002,2060131011,매곡도서관,ulsan,북구,48179,3,8148,167764,756359
2022,LIBTYPE000002,2060143008,매포도서관,chungbuk,단양군,50406,0,276,11510,132060
2022,LIBTYPE000002,2030121003,맨발동무도서관,busan,북구,32229,1,1708,11346,158541
2022,LIBTYPE000002,2060843004,맹동혁신도서관,chungbuk,음성군,38802,5,8799,66336,731914
2022,LIBTYPE000002,2060148028,명곡도서관,gyeongnam,창원시,94488,4,10943,150033,970601
2022,LIBTYPE000002,2030145001,명봉도서관,jeonbuk,정읍시,28432,1,140,1964,131319
2022,LIBTYPE000002,2030111004,명성교회도서관,seoul,강동구,142688,2,1854,59861,573837
2022,LIBTYPE000002,2050142008,명주교육도서관,gangwon,강릉시,102957,3,14574,35837,491801
2022,LIBTYPE000002,2060831002,명촌어린이도서관,ulsan,북구,27813,1,16591,43865,232328
2022,LIBTYPE000002,2060142024,모루도서관,gangwon,강릉시,103341,2,36817,122612,1679044
2022,LIBTYPE000002,2060141246,목동이음터도서관,gyeonggi,화성시,70040,4,13604,129511,845811
2022,LIBTYPE000002,2060111052,목마교육도서관,seoul,양천구,38035,6,10238,110065,340683
2022,LIBTYPE000002,2060146001,목포시립도서관,jeonnam,목포시,326627,8,1662,25207,1513687
2022,LIBTYPE000002,2060846002,목포어린이도서관,jeonnam,목포시,66136,3,10272,40577,613959
2022,LIBTYPE000002,2060146048,목포어울림도서관,jeonnam,목포시,27029,5,1598,12570,673698
2022,LIBTYPE000002,2060146043,목포영어도서관,jeonnam,목포시,24141,1,643,19844,288905
2022,LIBTYPE000002,2060811021,못골한옥어린이도서관,seoul,강남구,30359,6,11003,109516,562770
2022,LIBTYPE000002,2060146020,무안군공공도서관,jeonnam,무안군,64159,1,199,10389,459052
2022,LIBTYPE000002,2060145020,무주형설지공군립도서관,jeonbuk,무주군,43862,2,5259,13810,3439714
2022,LIBTYPE000002,2060125018,무지개도서관,daejeon,동구,62436,2,1661,97470,233434
2022,LIBTYPE000002,2060147028,문경시립모전도서관,gyeongbuk,문경시,88265,2,2886,65007,592940
2022,LIBTYPE000002,2060147018,문경시립문희도서관,gyeongbuk,문경시,72934,1,364,7820,279815
2022,LIBTYPE000002,2060147017,문경시립중앙도서관,gyeongbuk,문경시,119345,3,1607,39888,463598
2022,LIBTYPE000002,2060111037,문래도서관,seoul,영등포구,64230,9,10199,201261,1243365
2022,LIBTYPE000002,2050142007,문막교육도서관,gangwon,원주시,89780,3,17336,17336,472424
2022,LIBTYPE000002,2060141144,물푸레도서관,gyeonggi,파주시,46714,3,7734,42166,358384
2022,LIBTYPE000002,20601110024,미감도서관,seoul,양천구,19624,3,25460,40863,199682
2022,LIBTYPE000002,2060142038,미리내도서관,gangwon,원주시,36488,12,2546,158368,1821512
2022,LIBTYPE000002,2060111086,미아문화정보도서관,seoul,강북구,43183,1,4708,28489,225855
2022,LIBTYPE000002,2050143006,미원교육도서관,chungbuk,청주시,62748,2,221,5296,306567
2022,LIBTYPE000002,2060148006,밀양시립도서관,gyeongnam,밀양시,154507,4,4888,94914,1134073
2022,LIBTYPE000002,2060148032,밀양시립영어도서관,gyeongnam,밀양시,40917,1,4425,13953,453755
2022,LIBTYPE000002,2060841003,바른샘어린이도서관,gyeonggi,수원시,131950,2,11964,137032,669230
2022,LIBTYPE000002,2060132013,반곡동도서관,sejong,세종시,20600,1,6005,83187,265379
2022,LIBTYPE000002,2030841001,반달어린이도서관,gyeonggi,수원시,34439,1,1889,4327,46200
2022,LIBTYPE000002,2060121006,반여도서관,busan,해운대구,76180,2,9013,30242,293767
2022,LIBTYPE000002,2060141228,반월도서관,gyeonggi,안산시,38320,2,13182,40718,331943
2022,LIBTYPE000002,20601110013,방배도서관,seoul,서초구,19887,2,30754,45746,232137
2022,LIBTYPE000002,20601110025,방아다리문학도서관,seoul,양천구,30515,3,6538,56826,210150
2022,LIBTYPE000002,20601110032,배봉산 숲속도서관,seoul,동대문구,15033,3,5463,56012,309312
2022,LIBTYPE000002,2060123003,백령도서관,incheon,옹진군,30965,0,0,0,53386
2022,LIBTYPE000002,2060141268,백운호수도서관,gyeonggi,의왕시,12109,3,2361,27041,433114
2022,LIBTYPE000002,2060141194,별빛도서관,gyeonggi,남양주시,90546,4,13710,318685,1298164
2022,LIBTYPE000002,2060141137,보라도서관,gyeonggi,용인시,151969,4.5,16808,289832,1258100
2022,LIBTYPE000002,2060132007,보람동도서관,sejong,세종시,53665,1,63143,134362,147961
2022,LIBTYPE000002,2060144009,보령시중앙도서관,chungnam,보령시,56913,3,6140,16171,562676
2022,LIBTYPE000002,2060144010,보령주산도서관,chungnam,보령시,36542,0,371,0,6400
2022,LIBTYPE000002,2060146016,보성농어촌도서관,jeonnam,보성군,24433,0,2316,2316,84000
2022,LIBTYPE000002,2050143007,보은교육도서관,chungbuk,보은군,45942,3,7990,24108,485732
2022,LIBTYPE000002,2060143032,보은군립도서관,chungbuk,보은군,16928,1,1509,3328,467918
2022,LIBTYPE000002,2060141174,본오도서관,gyeonggi,안산시,34844,1,3408,27491,167134
2022,LIBTYPE000002,2060141105,봉담도서관,gyeonggi,화성시,128554,5,11808,188363,1313252
2022,LIBTYPE000002,2060143006,봉양도서관,chungbuk,제천시,30829,2,2626,12255,197709
2022,LIBTYPE000002,2060123016,부개도서관,incheon,부평구,64247,8,5986,93169,1666984
2022,LIBTYPE000002,2060823010,부개어린이도서관,incheon,부평구,23621,3,2112,24331,303171
2022,LIBTYPE000002,2060121001,부산강서도서관,busan,강서구,118589,3,5412,99223,803737
2022,LIBTYPE000002,2060121022,부산광역시 남구 분포도서관,busan,남구,67377,6,61689,203807,463244
2022,LIBTYPE000002,2050121007,부산광역시립구덕도서관,busan,서구,112775,9,6725,123871,1500547
2022,LIBTYPE000002,2050121009,부산광역시립구포도서관,busan,북구,277839,16,8403,157155,3132741
2022,LIBTYPE000002,2050121012,부산광역시립명장도서관,busan,동래구,155866,9,4746,87746,1484520
2022,LIBTYPE000002,2050121005,부산광역시립반송도서관,busan,해운대구,163998,10,3308,60626,1709647
2022,LIBTYPE000002,2050121004,부산광역시립부전도서관,busan,부산진구,276085,13,9347,88231,2084742
2022,LIBTYPE000002,2050121010,부산광역시립사하도서관,busan,사하구,143442,9,7587,158268,1483033
2022,LIBTYPE000002,2050121008,부산광역시립서동도서관,busan,금정구,128006,9,3344,104791,1387656
2022,LIBTYPE000002,2050121001,부산광역시립시민도서관,busan,부산진구,734787,31,24949,476063,6624996
2022,LIBTYPE000002,2050121011,부산광역시립연산도서관,busan,연제구,129669,8,9540,159061,1203512
2022,LIBTYPE000002,2050121002,부산광역시립중앙도서관,busan,중구,297414,23,20428,109369,2344141
2022,LIBTYPE000002,2050121013,부산광역시립중앙도서관분관부산영어도서관,busan,부산진구,59997,3,3271,96708,769136
2022,LIBTYPE000002,2050121003,부산광역시립중앙도서관수정분관,busan,동구,86032,5,21200,63615,202418
2022,LIBTYPE000002,2050121014,부산광역시립해운대도서관,busan,해운대구,230659,18,22790,512138,3938877
2022,LIBTYPE000002,2060121025,부산도서관,busan,사상구,340668,18,25313,380476,11162645
2022,LIBTYPE000024,2060821003,부산진구어린이청소년도서관,busan,부산진구,64401,3,4226,114878,434297
2022,LIBTYPE000002,2050145010,부안교육문화회관,jeonbuk,부안군,82884,5,1181,30109,1422147
2022,LIBTYPE000002,2060145019,부안군립도서관,jeonbuk,부안군,68664,3,792,10451,518167
2022,LIBTYPE000002,2060141013,부천시립꿈빛도서관,gyeonggi,부천시,195490,3,19082,158993,739751
2022,LIBTYPE000002,2060141115,부천시립꿈여울도서관,gyeonggi,부천시,126766,1,16322,115547,831556
2022,LIBTYPE000002,2060141212,부천시립도당도서관,gyeonggi,부천시,32359,1,7216,26908,258632
2022,LIBTYPE000002,2060141210,부천시립동화도서관,gyeonggi,부천시,59655,1,9341,123421,269095
2022,LIBTYPE000002,2060141267,부천시립별빛마루도서관,gyeonggi,부천시,61176,12,10582,171133,2864737
2022,LIBTYPE000002,2060141012,부천시립북부도서관,gyeonggi,부천시,138600,2,13268,62010,1035698
2022,LIBTYPE000002,2060141125,부천시립상동도서관,gyeonggi,부천시,167160,12,22730,229390,2963931
2022,LIBTYPE000002,2060141188,부천시립송내도서관,gyeonggi,부천시,113014,3,14809,148671,784289
2022,LIBTYPE000002,2060141266,부천시립수주도서관,gyeonggi,부천시,51978,12,6658,55972,9947999
2022,LIBTYPE000002,2060141011,부천시립심곡도서관,gyeonggi,부천시,158640,3,11167,37896,697167
2022,LIBTYPE000002,2060141234,부천시립역곡도서관,gyeonggi,부천시,49231,1,11270,107674,812729
2022,LIBTYPE000002,2060141211,부천시립오정도서관,gyeonggi,부천시,93599,2,14836,165840,623156
2022,LIBTYPE000002,2060141010,부천시립원미도서관,gyeonggi,부천시,228397,3,27672,160537,1172748
2022,LIBTYPE000002,2060141014,부천시립책마루도서관,gyeonggi,부천시,111342,2,14277,119926,581779
2022,LIBTYPE000002,2060141089,부천시립한울빛도서관,gyeonggi,부천시,132348,2,17640,183666,833645
2022,LIBTYPE000002,2060823001,부평기적의도서관,incheon,부평구,55099,6,4786,88858,454347
2022,LIBTYPE000002,2060147034,북삼도서관,gyeongbuk,칠곡군,74059,2,1823,35981,367090
2022,LIBTYPE000002,20601110022,불암도서관,seoul,노원구,50112,9,13488,162105,1078470
2022,LIBTYPE000002,2060848004,비봉어린이도서관,gyeongnam,진주시,25403,0,5724,23314,77866
2022,LIBTYPE000002,2060122019,비원도서관,daegu,서구,28405,1.5,1012,17787,314267
2022,LIBTYPE000002,2030122007,비전도서관,daegu,달성군,16036,1,266,12168,72999
2022,LIBTYPE000002,2060146041,빛가람시립도서관,jeonnam,나주시,87762,2,45605,174700,489370
2022,LIBTYPE000002,2060111083,사당솔밭도서관,seoul,동작구,68525,5,11915,142327,604149
2022,LIBTYPE000002,2030141001,사랑샘도서관,gyeonggi,수원시,23940,2,7797,24279,211945
2022,LIBTYPE000002,2030122006,사립공공 연암도서관,daegu,북구,11751,1,469,15977,50632
2022,LIBTYPE000002,2060142017,사북공공도서관,gangwon,정선군,42558,2,2433,14165,1313487
2022,LIBTYPE000002,2060121010,사상도서관,busan,사상구,158331,6,4440,80503,2985887
2022,LIBTYPE000002,2060848007,사천시어린이도서관,gyeongnam,사천시,38789,3,9944,40121,500390
2022,LIBTYPE000002,2060145039,산들도서관,jeonbuk,군산시,18633,3,1982,53443,254736
2022,LIBTYPE000002,2060811022,삼각산어린이도서관,seoul,강북구,28358,2,4159,94936,331954
2022,LIBTYPE000002,2060123013,삼산도서관,incheon,부평구,68306,6,6030,127833,962716
2022,LIBTYPE000002,2060143030,삼성도서관,chungbuk,음성군,12218,1,154,33547,44881
2022,LIBTYPE000002,2050142005,삼척교육문화관,gangwon,삼척시,178567,8,41681,95325,1802615
2022,LIBTYPE000002,2060142012,삼척도계도서관,gangwon,삼척시,91289,2,3685,12287,509307
2022,LIBTYPE000002,2060142013,삼척원덕도서관,gangwon,삼척시,77546,1,1050,3612,112360
2022,LIBTYPE000002,2060146019,삼호도서관,jeonnam,영암군,122408,3,4328,18311,937833
2022,LIBTYPE000002,2060111074,상계도서관,seoul,노원구,80993,10,13106,106867,751026
2022,LIBTYPE000002,2060148003,상남도서관,gyeongnam,창원시,185406,3,17074,214728,1196433
2022,LIBTYPE000002,2060124013,상록도서관,gwangju,서구,58871,6,3579,52094,1516339
2022,LIBTYPE000002,2060141187,상현도서관,gyeonggi,용인시,156091,3.5,27951,642332,1382555
2022,LIBTYPE000002,2060132006,새롬동도서관,sejong,세종시,52638,1,12031,219967,166612
2022,LIBTYPE000002,2030122001,새벗도서관,daegu,달서구,65973,1,9525,27395,88224
2022,LIBTYPE000002,2060143027,생거진천혁신도시도서관,chungbuk,진천군,58834,1,24110,93795,394769
2022,LIBTYPE000002,2060122016,서구 비산도서관,daegu,서구,26365,1.5,1115,25872,308731
2022,LIBTYPE000002,2020125001,서구어린이도서관,daejeon,서구,64682,2,3045,107714,432572
2022,LIBTYPE000002,2060822002,서구어린이도서관,daegu,서구,57714,1.5,2440,96790,642359
2022,LIBTYPE000002,2060122024,서구영어도서관,daegu,서구,15379,0.5,813,23100,272482
2022,LIBTYPE000002,2060849002,서귀포기적의도서관,jeju,서귀포시,58282,3,4818,82059,448687
2022,LIBTYPE000002,2050149006,서귀포도서관,jeju,서귀포시,214002,4,2437,86345,901952
2022,LIBTYPE000002,2060149005,서귀포시동부도서관,jeju,서귀포시,67281,2.5,3209,8397,586832
2022,LIBTYPE000002,2060149004,서귀포시삼매봉도서관,jeju,서귀포시,95055,7,2990,43537,1786590
2022,LIBTYPE000002,2060149006,서귀포시서부도서관,jeju,서귀포시,70855,3,21716,74158,481697
2022,LIBTYPE000002,2060149003,서귀포시중앙도서관,jeju,서귀포시,102088,3,7435,127405,684954
2022,LIBTYPE000002,2060141262,서농도서관,gyeonggi,용인시,50759,3.5,12572,330810,1007157
2022,LIBTYPE000029,2060811008,서대문구립남가좌새롬어린이도서관,seoul,서대문구,66334,4,5482,112542,414323
2022,LIBTYPE000002,2060111017,서대문구립이진아기념도서관,seoul,서대문구,165117,14,9400,195051,1955738
2022,LIBTYPE000002,2060111073,서대문구립홍은도담도서관,seoul,서대문구,43670,3,4289,37370,338393
2022,LIBTYPE000002,2060144012,서산시 대산도서관,chungnam,서산시,109002,5,1574,37895,498873
2022,LIBTYPE000002,2060144011,서산시립도서관,chungnam,서산시,312743,7,46477,177609,4244999
2022,LIBTYPE000002,2060844003,서산어린이도서관,chungnam,서산시,63203,4,3364,119157,558533
2022,LIBTYPE000002,2060142037,서석도서관,gangwon,홍천군,21569,1,482,14485,200062
2022,LIBTYPE000002,2060141255,서연이음터도서관,gyeonggi,화성시,33816,4,29599,221359,691526
2022,LIBTYPE000002,2060123008,서운도서관,incheon,계양구,40421,3,2648,42445,485331
2022,LIBTYPE000002,2060111078,서울도서관,seoul,중구,520954,23,22441,255653,47945212
2022,LIBTYPE000002,2050111001,서울특별시교육청강남도서관,seoul,강남구,150612,14,7768,170648,2004116
2022,LIBTYPE000002,2050111002,서울특별시교육청강동도서관,seoul,강동구,175411,15,9734,196286,2323665
2022,LIBTYPE000002,2050111003,서울특별시교육청강서도서관,seoul,강서구,244177,19,8979,246210,2880990
2022,LIBTYPE000002,2050111004,서울특별시교육청개포도서관,seoul,강남구,200242,16,12222,297311,2074576
2022,LIBTYPE000002,2050111017,서울특별시교육청고덕평생학습관,seoul,강동구,174225,13,16935,399181,2675681
2022,LIBTYPE000002,2050111005,서울특별시교육청고척도서관,seoul,구로구,239888,17,69589,256492,2902436
2022,LIBTYPE000002,2050111006,서울특별시교육청구로도서관,seoul,구로구,163754,14,9523,205068,1990242
2022,LIBTYPE000002,2050111007,서울특별시교육청남산도서관,seoul,용산구,501337,31,12243,196948,6005164
2022,LIBTYPE000002,2050111021,서울특별시교육청노원평생학습관,seoul,노원구,177030,15,12475,326134,3017990
2022,LIBTYPE000002,2050111008,서울특별시교육청도봉도서관,seoul,도봉구,223901,16,8324,203692,2204433
2022,LIBTYPE000002,2050111009,서울특별시교육청동대문도서관,seoul,동대문구,211688,18,7849,155585,3136055
2022,LIBTYPE000002,2050111010,서울특별시교육청동작도서관,seoul,동작구,152679,14,12436,261576,2014983
2022,LIBTYPE000002,2050111018,서울특별시교육청마포평생학습관,seoul,마포구,258045,23,9751,197177,5557940
2022,LIBTYPE000002,2050111019,서울특별시교육청마포평생학습관 아현분관,seoul,마포구,132074,9,7750,198399,936996
2022,LIBTYPE000002,2050111011,서울특별시교육청서대문도서관,seoul,서대문구,199780,18,9544,243994,2533681
2022,LIBTYPE000002,2050111012,서울특별시교육청송파도서관,seoul,송파구,240160,21,24204,533462,4092166
2022,LIBTYPE000002,2050111013,서울특별시교육청양천도서관,seoul,양천구,299224,21,24501,586357,3824369
2022,LIBTYPE000026,2050811001,서울특별시교육청어린이도서관,seoul,종로구,282622,18,9004,465078,2609322
2022,LIBTYPE000002,2050111020,서울특별시교육청영등포평생학습관,seoul,영등포구,225740,17,9781,270624,3465798
2022,LIBTYPE000002,2050111014,서울특별시교육청용산도서관,seoul,용산구,287763,20,88695,173255,3374560
2022,LIBTYPE000002,2050111015,서울특별시교육청정독도서관,seoul,종로구,510043,37,115101,239467,5832407
2022,LIBTYPE000002,2050111016,서울특별시교육청종로도서관,seoul,종로구,265690,17,8443,139855,2981610
2022,LIBTYPE000002,20601110009,서이도서관,seoul,서초구,24330,2,24822,48119,246862
2022,LIBTYPE000002,2060123021,서창도서관,incheon,남동구,92862,2,7521,141906,708948
2022,LIBTYPE000002,2060144013,서천장항공공도서관,chungnam,서천군,72805,4,707,12697,498523
2022,LIBTYPE000002,20601110020,서초구립내곡도서관,seoul,서초구,77554,7,17267,207776,975409
2022,LIBTYPE000002,2060111081,서초구립반포도서관,seoul,서초구,147649,15,29277,399805,2627322
2022,LIBTYPE000002,20601110033,서초구립양재도서관,seoul,서초구,64410,10,19006,186395,1466926
2022,LIBTYPE000002,20601110021,서초그림책도서관,seoul,서초구,16590,2,22805,76396,246222
2022,LIBTYPE000002,20601110044,서초청소년도서관,seoul,서초구,36690,4,13741,176559,1043239
2022,LIBTYPE000002,2060143031,서충주도서관,chungbuk,충주시,53174,2,4369,96489,605326
2022,LIBTYPE000002,20601110007,석관동미리내도서관,seoul,성북구,35578,3,4005,31544,266292
2022,LIBTYPE000002,2060823013,석남도서관,incheon,서구,61416,4,4285,56152,575280
2022,LIBTYPE000002,2060147033,석적도서관,gyeongbuk,칠곡군,73913,2,2783,68799,300359
2022,LIBTYPE000002,2060141184,선부도서관,gyeonggi,안산시,51848,2,3436,27910,378887
2022,LIBTYPE000002,2060111051,선유도서관,seoul,영등포구,73488,10,7223,144908,1029857
2022,LIBTYPE000002,2060123029,선학별빛도서관,incheon,연수구,54083,1,52626,90400,689434
2022,LIBTYPE000002,2060144034,설림도서관,jeonbuk,군산시,79841,4,6355,25336,762501
2022,LIBTYPE000002,2060141230,성남시 서현도서관,gyeonggi,성남시,82970,3.5,28421,481938,1384548
2022,LIBTYPE000002,2060141243,성남시 위례도서관,gyeonggi,성남시,32571,2,12262,228577,532382
2022,LIBTYPE000002,2060141270,성남시 책테마파크도서관,gyeonggi,성남시,3567,1,2554,4149,505144
2022,LIBTYPE000002,2020141001,성남시구미도서관,gyeonggi,성남시,226407,4.5,29820,455530,2583234
2022,LIBTYPE000002,2060141172,성남시무지개도서관,gyeonggi,성남시,45265,1,11280,135962,791723
2022,LIBTYPE000002,2060141237,성남시복정도서관,gyeonggi,성남시,51136,3,11769,115197,1653273
2022,LIBTYPE000002,2060141007,성남시분당도서관,gyeonggi,성남시,324375,4,488856,499743,2608814
2022,LIBTYPE000002,2060141008,성남시수정도서관,gyeonggi,성남시,310057,13,20808,212184,3285822
2022,LIBTYPE000002,2060141173,성남시운중도서관,gyeonggi,성남시,62895,1.5,151367,158471,658133
2022,LIBTYPE000002,2060141006,성남시중앙도서관,gyeonggi,성남시,319593,9.5,30862,421905,4141390
2022,LIBTYPE000002,2060141009,성남시중원도서관,gyeonggi,성남시,323520,15,22138,257532,3881083
2022,LIBTYPE000010,2060841022,성남시중원어린이도서관,gyeonggi,성남시,106118,2.5,12238,127143,1795234
2022,LIBTYPE000011,2060841024,성남시판교어린이도서관,gyeonggi,성남시,122609,3,25805,490706,1540720
2022,LIBTYPE000002,2060111024,성동구립금호도서관,seoul,성동구,89592,7,7732,160265,681281
2022,LIBTYPE000002,2060111002,성동구립도서관,seoul,성동구,216347,18,15604,337244,2491517
2022,LIBTYPE000002,2060111038,성동구립무지개도서관,seoul,성동구,42973,5,5329,49690,324093
2022,LIBTYPE000002,2060111080,성동구립성수도서관,seoul,성동구,52411,6,6977,115083,450239
2022,LIBTYPE000002,20601110043,성동구립숲속도서관,seoul,성동구,9674,3,2698,24258,179686
2022,LIBTYPE000002,2060111032,성동구립용답도서관,seoul,성동구,83960,3,4733,57008,607681
2022,LIBTYPE000002,2060111088,성동구립청계도서관,seoul,성동구,53099,8,6014,127958,492317
2022,LIBTYPE000002,2060141260,성복도서관,gyeonggi,용인시,37318,4,15501,354477,1207942
2022,LIBTYPE000002,2060111091,성북구립 청수도서관,seoul,성북구,41478,4,9097,57832,324333
2022,LIBTYPE000002,20601110037,성북길빛도서관,seoul,성북구,33099,6,8647,128909,459816
2022,LIBTYPE000002,2060111009,성북정보도서관,seoul,성북구,164051,14,43631,70923,1802923
2022,LIBTYPE000002,2060148024,성산도서관,gyeongnam,창원시,123003,4,15057,223875,1265961
2022,LIBTYPE000002,2060149010,성산일출도서관,jeju,서귀포시,79156,3,3747,49039,705599
2022,LIBTYPE000002,2060147023,성주군청사도서관,gyeongbuk,성주군,13388,1,510,1468,145000
2022,LIBTYPE000002,2060111029,성현동작은도서관,seoul,관악구,49534,0,7709,36328,165761
2022,LIBTYPE000002,2060141055,세종도서관,gyeonggi,여주시,190388,3,0,0,466315
2022,LIBTYPE000002,2060132012,세종시립도서관,sejong,세종시,144892,12.5,28626,482318,6759589
2022,LIBTYPE000002,2050144011,세종특별자치시교육청평생교육학습관,sejong,세종시,145013,3,1821,68938,2170438
2022,LIBTYPE000002,2060111053,소나무언덕2호도서관,seoul,송파구,27489,2,8210,85310,213865
2022,LIBTYPE000002,2060111064,소나무언덕3호도서관,seoul,송파구,50239,2,16065,33930,204739
2022,LIBTYPE000002,20601110005,소나무언덕잠실본동도서관,seoul,송파구,29322,2,6947,51399,218300
2022,LIBTYPE000002,2060132009,소담동도서관,sejong,세종시,56566,1,6879,197193,152411
2022,LIBTYPE000002,2060123020,소래도서관,incheon,남동구,117952,4,9256,173101,818532
2022,LIBTYPE000002,2060141252,소래빛도서관,gyeonggi,시흥시,106783,3,6605,229226,576398
2022,LIBTYPE000002,2060141235,소리울도서관,gyeonggi,오산시,41770,3,4031,91743,943224
2022,LIBTYPE000002,2060142002,소양도서관,gangwon,춘천시,42774,1,2553,33169,420678
2022,LIBTYPE000002,2050142009,속초교육도서관,gangwon,속초시,79744,3,9807,25489,513493
2022,LIBTYPE000002,2050142004,속초교육문화관,gangwon,속초시,146589,10,21690,69130,1486498
2022,LIBTYPE000002,2060142032,속초시립도서관,gangwon,속초시,74273,3,3453,65048,762852
2022,LIBTYPE000002,20601110054,손기정문화도서관,seoul,중구,20008,4,3640,30069,565977
2022,LIBTYPE000002,2060811026,손기정어린이도서관,seoul,중구,21971,4,2790,74176,365664
2022,LIBTYPE000002,2060111016,솔샘문화정보도서관,seoul,강북구,52884,2,5397,44631,470744
2022,LIBTYPE000002,2060823011,송도국제어린이도서관,incheon,연수구,72187,3,124230,285012,845430
2022,LIBTYPE000002,2060123012,송림도서관,incheon,동구,85860,7,7041,41501,857936
2022,LIBTYPE000002,2050149002,송악도서관,jeju,서귀포시,111288,3,2536,68804,489293
2022,LIBTYPE000002,2060111068,송중문화정보도서관,seoul,강북구,28186,1,3228,17686,248202
2022,LIBTYPE000002,2060125020,송촌도서관,daejeon,대덕구,91090,5,5274,188455,811413
2022,LIBTYPE000002,2060111087,송파글마루도서관,seoul,송파구,99040,12,18105,247547,2402590
2022,LIBTYPE000002,2060811006,송파어린이도서관,seoul,송파구,84829,6,13749,288990,744528
2022,LIBTYPE000002,2060811019,송파어린이영어도서관,seoul,송파구,30937,4,5876,162627,312755
2022,LIBTYPE000002,20601110014,송파위례도서관,seoul,송파구,52435,6,12896,165885,623656
2022,LIBTYPE000002,2060147032,송화도서관,gyeongbuk,경주시,69815,3.5,4305,75545,468563
2022,LIBTYPE000002,2060122022,수성구립 무학숲도서관,daegu,수성구,15919,2,6219,87819,143420
2022,LIBTYPE000006,2060822004,수성구립 물망이도서관,daegu,수성구,34166,1,5440,89712,88565
2022,LIBTYPE000002,2060122005,수성구립 용학도서관,daegu,수성구,171554,15,19471,343285,2059493
2022,LIBTYPE000002,2060122004,수성구립 책숲길도서관,daegu,수성구,33870,0,4801,24145,142003
2022,LIBTYPE000002,2060122010,수성구립 파동도서관,daegu,수성구,26936,1,4451,39671,78150
2022,LIBTYPE000002,2060122011,수성구립고산도서관,daegu,수성구,150504,12,19597,463447,1645125
2022,LIBTYPE000002,2060122008,수성구립범어도서관,daegu,수성구,259346,20,28180,725327,3072548
2022,LIBTYPE000002,2060141207,수암도서관,gyeonggi,안산시,26497,1,2214,23426,261574
2022,LIBTYPE000002,2060121007,수영구도서관,busan,수영구,133350,7,58020,168384,1650791
2022,LIBTYPE000002,2060821007,수영구어린이도서관,busan,수영구,25269,4,3512,119895,375660
2022,LIBTYPE000002,2060141218,수원시광교푸른숲도서관,gyeonggi,수원시,52730,3,20316,216332,810379
2022,LIBTYPE000002,2060141171,수원시광교홍재도서관,gyeonggi,수원시,121932,5.5,22124,276005,934081
2022,LIBTYPE000002,2060141156,수원시대추골도서관,gyeonggi,수원시,108866,3,16766,145299,713373
2022,LIBTYPE000002,2060141239,수원시망포글빛도서관,gyeonggi,수원시,48991,3,18957,191536,747719
2022,LIBTYPE000002,2060141224,수원시매여울도서관,gyeonggi,수원시,52067,4,16559,204558,733895
2022,LIBTYPE000002,2060141167,수원시버드내도서관,gyeonggi,수원시,86118,2.5,13982,79133,735365
2022,LIBTYPE000002,2060141005,수원시북수원도서관,gyeonggi,수원시,218088,6,26096,280753,948757
2022,LIBTYPE000002,2060141004,수원시서수원도서관,gyeonggi,수원시,221187,4,19782,97370,758601
2022,LIBTYPE000002,2060141001,수원시선경도서관,gyeonggi,수원시,470947,6,24475,131243,1037292
2022,LIBTYPE000002,2060141003,수원시영통도서관,gyeonggi,수원시,294873,4,24543,300236,907029
2022,LIBTYPE000002,2060141183,수원시일월도서관,gyeonggi,수원시,93536,3,20224,207146,758594
2022,LIBTYPE000002,2060141002,수원시중앙도서관,gyeonggi,수원시,262023,4,12879,49857,634877
2022,LIBTYPE000002,2060141168,수원시창룡도서관,gyeonggi,수원시,89814,2.5,42714,104562,712676
2022,LIBTYPE000002,2060141126,수원시태장마루도서관,gyeonggi,수원시,131602,2,20778,191407,786060
2022,LIBTYPE000002,2060141164,수원시한림도서관,gyeonggi,수원시,79389,3,15833,145645,686640
2022,LIBTYPE000002,2060141169,수원시호매실도서관,gyeonggi,수원시,121393,5,21585,259643,924252
2022,LIBTYPE000002,2060141200,수원시화서다산도서관,gyeonggi,수원시,77670,4,17770,166864,714217
2022,LIBTYPE000002,2060111069,수유문화정보도서관,seoul,강북구,40128,1,19888,35058,287024
2022,LIBTYPE000002,2060145034,순창군립도서관,jeonbuk,순창군,53108,3,6352,18810,1062627
2022,LIBTYPE000002,2060846001,순천기적의도서관,jeonnam,순천시,89715,4,3240,86503,825466
2022,LIBTYPE000002,2060146007,순천시립그림책도서관,jeonnam,순천시,89893,3,954,22736,1280142
2022,LIBTYPE000002,2060146008,순천시립도서관연향관,jeonnam,순천시,159779,3,5985,87295,1111472
2022,LIBTYPE000002,2060146036,순천시립삼산도서관,jeonnam,순천시,174565,12,5398,82272,1367400
2022,LIBTYPE000002,2060146042,순천시립신대도서관,jeonnam,순천시,45190,3,51772,128255,1054808
2022,LIBTYPE000002,2060146031,순천시립조례호수도서관,jeonnam,순천시,96576,2,5758,87946,1575785
2022,LIBTYPE000002,2060141253,술이홀도서관,gyeonggi,파주시,14575,1,406,3149,146280
2022,LIBTYPE000002,2060823006,숭의어린이도서관,incheon,미추홀구,20248,0,436,11535,92143
2022,LIBTYPE000002,2060841001,슬기샘어린이도서관,gyeonggi,수원시,123712,4,11655,109330,669230
2022,LIBTYPE000002,2060141233,시흥시 목감도서관,gyeonggi,시흥시,57242,2,5597,26336,765172
2022,LIBTYPE000002,2060141116,시흥시군자도서관,gyeonggi,시흥시,77173,2,1794,20910,465209
2022,LIBTYPE000002,2060141124,시흥시능곡도서관,gyeonggi,시흥시,93132,3,6284,130769,531275
2022,LIBTYPE000002,2060141037,시흥시대야도서관,gyeonggi,시흥시,81174,3,5782,151087,520001
2022,LIBTYPE000002,2060141141,시흥시매화도서관,gyeonggi,시흥시,42946,0,909,12507,328844
2022,LIBTYPE000002,2060141245,시흥시배곧도서관,gyeonggi,시흥시,54401,4,11190,81113,804200
2022,LIBTYPE000002,2060141142,시흥시신천도서관,gyeonggi,시흥시,45999,0,1684,17779,218819
2022,LIBTYPE000002,2060141181,시흥시장곡도서관,gyeonggi,시흥시,39085,3,3530,71032,472201
2022,LIBTYPE000002,2060141036,시흥시중앙도서관,gyeonggi,시흥시,278707,11,8596,440993,2831558
2022,LIBTYPE000002,2060124006,신가도서관,gwangju,광산구,62462,0,0,0,0
2022,LIBTYPE000002,20601110049,신당누리도서관,seoul,중구,12841,3,2883,24058,320289
2022,LIBTYPE000002,2060123015,신석도서관,incheon,서구,69803,4,21006,67984,634039
2022,LIBTYPE000002,2060146025,신안군립도서관,jeonnam,신안군,47664,0,554,2937,211259
2022,LIBTYPE000002,2060124019,신용도서관,gwangju,북구,29018,3,5462,57538,1615375
2022,LIBTYPE000002,2060111027,신월음악도서관,seoul,양천구,49736,7,8862,69018,407675
2022,LIBTYPE000002,2060125013,신탄진도서관,daejeon,대덕구,163153,4.5,4042,114184,990468
2022,LIBTYPE000002,2060823015,심곡도서관,incheon,서구,76530,4,5273,96905,497801
2022,LIBTYPE000002,20601110035,쌍문채움도서관,seoul,도봉구,22477,3,4575,50886,456348
2022,LIBTYPE000002,2060823008,쑥골어린이도서관,incheon,미추홀구,21087,1,1248,35769,134728
2022,LIBTYPE000002,2060125026,아가랑도서관,daejeon,유성구,11976,3,3524,103757,266087
2022,LIBTYPE000002,2060111089,아름꿈 도서관,seoul,종로구,30562,3,3209,9897,174417
2022,LIBTYPE000002,2060132003,아름동도서관,sejong,세종시,60122,1,9036,127602,145022
2022,LIBTYPE000002,2060111011,아리랑도서관,seoul,성북구,92996,8,35078,65328,708037
2022,LIBTYPE000002,2060811023,아리랑어린이도서관,seoul,성북구,37084,5,3782,65284,280300
2022,LIBTYPE000002,2060144016,아산시 둔포도서관,chungnam,아산시,101397,1,11073,40479,416851
2022,LIBTYPE000002,2060144017,아산시 배방도서관,chungnam,아산시,113044,2,29348,123906,758303
2022,LIBTYPE000002,2060144039,아산시 중앙도서관,chungnam,아산시,159611,15,75033,324447,3854396
2022,LIBTYPE000002,2060144038,아산시 탕정온샘도서관,chungnam,아산시,68665,4,36320,185308,1135291
2022,LIBTYPE000027,2060844002,아산시꿈샘어린이청소년도서관,chungnam,아산시,100143,5,29955,154431,1374926
2022,LIBTYPE000002,2060145031,아중도서관,jeonbuk,전주시,88214,3,6482,92009,629769
2022,LIBTYPE000002,20601110058,아차산숲속도서관,seoul,광진구,6697,4,5596,13005,251577
2022,LIBTYPE000002,2060149011,안덕산방도서관,jeju,서귀포시,71100,2,4520,76603,283449
2022,LIBTYPE000002,2060847002,안동시립어린이도서관,gyeongbuk,안동시,53343,3,2390,77056,909015
2022,LIBTYPE000002,2060147010,안동시립웅부도서관,gyeongbuk,안동시,78452,2,1332,12182,710427
2022,LIBTYPE000002,2060147041,안동시립중앙도서관,gyeongbuk,안동시,44128,5,4836,143916,1386504
2022,LIBTYPE000002,2060121020,안락누리도서관,busan,동래구,59118,3,5285,116039,629406
2022,LIBTYPE000002,2060841006,안산단원어린이도서관,gyeonggi,안산시,125135,2,17805,85103,580993
2022,LIBTYPE000002,2060125012,안산도서관,daejeon,대덕구,147487,7,4493,90398,946111
2022,LIBTYPE000002,2060141193,안산미디어라이브러리,gyeonggi,안산시,39035,3,13579,51510,998192
2022,LIBTYPE000002,2060141023,안산시 감골도서관,gyeonggi,안산시,166682,6,10949,141401,1731245
2022,LIBTYPE000002,2060141122,안산시 부곡도서관,gyeonggi,안산시,28512,0,2815,22535,161415
2022,LIBTYPE000002,2060141189,안산시 일동도서관,gyeonggi,안산시,31498,1,1836,13006,259294
2022,LIBTYPE000002,2060141021,안산시관산도서관,gyeonggi,안산시,231325,5,9617,35497,1009355
2022,LIBTYPE000021,2060841005,안산시립상록어린이도서관,gyeonggi,안산시,123774,1,4138,64262,626690
2022,LIBTYPE000002,2060141022,안산시성포도서관,gyeonggi,안산시,163487,2.5,7946,97939,963608
2022,LIBTYPE000002,2060141020,안산시중앙도서관,gyeonggi,안산시,351113,14,23147,426000,4949464
2022,LIBTYPE000002,2060141251,안성시 아양도서관,gyeonggi,안성시,60048,3,5659,117029,749067
2022,LIBTYPE000002,2060141114,안성시립공도도서관,gyeonggi,안성시,161033,3,5277,471359,694220
2022,LIBTYPE000002,2060141049,안성시립보개도서관,gyeonggi,안성시,82940,4.5,2344,72313,465760
2022,LIBTYPE000002,2060141185,안성시립일죽도서관,gyeonggi,안성시,46708,2,552,16862,224364
2022,LIBTYPE000002,2060141091,안성시립중앙도서관,gyeonggi,안성시,411204,8,6073,174540,2432492
2022,LIBTYPE000002,2060141159,안성시립진사도서관,gyeonggi,안성시,95236,3,4002,129815,530310
2022,LIBTYPE000002,2060141192,안양시립관양도서관,gyeonggi,안양시,88325,5,14490,181250,1147249
2022,LIBTYPE000002,2060141117,안양시립비산도서관,gyeonggi,안양시,94114,4.5,16395,215883,1126967
2022,LIBTYPE000002,2060141202,안양시립삼덕도서관,gyeonggi,안양시,71764,4,11891,110110,867219
2022,LIBTYPE000002,2060141016,안양시만안도서관,gyeonggi,안양시,257163,4,8019,113797,1287190
2022,LIBTYPE000002,2060141017,안양시박달도서관,gyeonggi,안양시,91801,3.5,10160,101644,932232
2022,LIBTYPE000002,2060141158,안양시벌말도서관,gyeonggi,안양시,60477,2.5,41959,114403,543320
2022,LIBTYPE000002,2060141015,안양시석수도서관,gyeonggi,안양시,452649,13,15666,182911,3719794
2022,LIBTYPE000002,2060141018,안양시평촌도서관,gyeonggi,안양시,230614,9,27592,568780,2372252
2022,LIBTYPE000002,2060141019,안양시호계도서관,gyeonggi,안양시,150163,4,13424,215018,1206272
2022,LIBTYPE000002,2060841004,안양어린이도서관,gyeonggi,안양시,107675,4,12392,299596,1003737
2022,LIBTYPE000002,2060149007,애월도서관,jeju,제주시,78976,2,22426,84572,628905
2022,LIBTYPE000002,20601110018,약수도서관,seoul,동작구,77346,2,6732,49073,175409
2022,LIBTYPE000002,2060131009,약숫골도서관,ulsan,중구,40786,3,4349,85181,982124
2022,LIBTYPE000002,2050142020,양구교육도서관,gangwon,양구군,107537,3,1567,37537,533362
2022,LIBTYPE000002,2060141258,양벌도서관,gyeonggi,광주시,18479,1,3031,41363,338505
2022,LIBTYPE000002,2060124016,양산도서관,gwangju,북구,35504,4,6491,146881,474879
2022,LIBTYPE000002,2060141113,양산도서관,gyeonggi,오산시,51636,2,3544,49064,660582
2022,LIBTYPE000023,2060848008,양산시립 상북어린이도서관,gyeongnam,양산시,19010,1,615,21231,82837
2022,LIBTYPE000002,2060148040,양산시립 서창도서관,gyeongnam,양산시,27083,2,6088,87593,807152
2022,LIBTYPE000002,2060148034,양산시립 영어도서관,gyeongnam,양산시,42960,2,1408,39551,337940
2022,LIBTYPE000002,2060148017,양산시립 웅상도서관,gyeongnam,양산시,213502,3,7611,148561,427387
2022,LIBTYPE000002,2060148041,양산시립 윤현진도서관,gyeongnam,양산시,23017,4,3720,65483,717728
2022,LIBTYPE000002,2060148027,양산시립 중앙도서관,gyeongnam,양산시,171615,8,15492,356448,1907941
2022,LIBTYPE000002,2050142010,양양교육도서관,gangwon,양양군,74931,3,12617,43906,601052
2022,LIBTYPE000002,20601110029,양원숲속도서관,seoul,중랑구,49757,5,31575,165930,442450
2022,LIBTYPE000002,2060141130,양주시 고읍도서관,gyeonggi,양주시,66171,2,24804,70015,650000
2022,LIBTYPE000002,2060141099,양주시 남면도서관,gyeonggi,양주시,64536,0,7446,19748,267690
2022,LIBTYPE000002,2060141160,양주시 덕계도서관,gyeonggi,양주시,73882,5,15305,20935,381383
2022,LIBTYPE000002,2060141079,양주시덕정도서관,gyeonggi,양주시,80944,4.5,9577,32666,543044
2022,LIBTYPE000002,2060141078,양주시립꿈나무도서관,gyeonggi,양주시,165200,2,3612,39061,628071
2022,LIBTYPE000002,2060141180,양주희망도서관,gyeonggi,양주시,64411,3,20785,61898,666923
2022,LIBTYPE000002,20601110008,양천구 영어특성화도서관,seoul,양천구,63460,8,117356,276983,417981
2022,LIBTYPE000002,20601110048,양천중앙도서관,seoul,양천구,80163,21,128788,236575,1490250
2022,LIBTYPE000002,2060141102,양평 양서친환경도서관,gyeonggi,양평군,53251,1,2093,16605,397172
2022,LIBTYPE000002,2060141152,양평군립양동도서관,gyeonggi,양평군,41586,0.5,3798,7852,383470
2022,LIBTYPE000002,2060141056,양평군립중앙도서관,gyeonggi,양평군,133194,6,4516,71073,1070466
2022,LIBTYPE000002,2060141153,양평군립지평도서관,gyeonggi,양평군,40174,1,4108,8791,438912
2022,LIBTYPE000002,2060841009,양평어린이도서관,gyeonggi,양평군,69213,1,2538,61295,327454
2022,LIBTYPE000002,2060141057,양평용문도서관,gyeonggi,양평군,87557,2,2764,51023,695822
2022,LIBTYPE000002,2060124010,어린이생태학습도서관,gwangju,서구,56747,2,5466,217623,648078
2022,LIBTYPE000002,20601110030,어린이청소년국학도서관,seoul,종로구,21288,3,8043,27389,387118
2022,LIBTYPE000002,2060111070,어울림도서관,seoul,중구,91157,10,4512,53948,1149818
2022,LIBTYPE000002,2060144026,엄사도서관,chungnam,계룡시,75783,1,4500,271516,736000
2022,LIBTYPE000002,2060143019,엄정꿈터도서관,chungbuk,충주시,26592,0,2513,5225,61908
2022,LIBTYPE000002,2060146003,여수시립돌산도서관,jeonnam,여수시,61853,1,1230,7747,523083
2022,LIBTYPE000002,2060146005,여수시립소라도서관,jeonnam,여수시,73508,1,1546,33303,434534
2022,LIBTYPE000002,2060146004,여수시립쌍봉도서관,jeonnam,여수시,171974,3,7640,154454,771541
2022,LIBTYPE000002,2060146006,여수시립율촌도서관,jeonnam,여수시,52624,1,767,5654,513921
2022,LIBTYPE000002,2060146002,여수시립현암도서관,jeonnam,여수시,154070,2,20613,131306,794461
2022,LIBTYPE000002,2060146029,여수시립환경도서관,jeonnam,여수시,106218,3,3969,64711,747662
2022,LIBTYPE000002,2060146045,여수시이순신도서관,jeonnam,여수시,68483,8,11345,219907,2759168
2022,LIBTYPE000002,2060111095,여의샛강도서관,seoul,영등포구,14626,2,4054,49819,328244
2022,LIBTYPE000002,2060141261,여주기적의도서관,gyeonggi,여주시,14803,1,4885,19207,671388
2022,LIBTYPE000002,2060141133,여주도서관,gyeonggi,여주시,155549,7,5955,169462,1975127
2022,LIBTYPE000002,2060111036,역삼도서관,seoul,강남구,37402,4,12734,65798,484969
2022,LIBTYPE000002,2060123014,연수청학도서관,incheon,연수구,97799,3,72403,133663,1907798
2022,LIBTYPE000002,2060121014,연제도서관,busan,연제구,148969,8,44381,308870,1542189
2022,LIBTYPE000002,2060141084,연천군 중앙도서관,gyeonggi,연천군,106049,2.5,6151,23796,789634
2022,LIBTYPE000002,2060141085,연천도서관,gyeonggi,연천군,71536,2.5,10292,44755,357324
2022,LIBTYPE000002,2060131006,염포양정도서관,ulsan,북구,53631,3,1677,31031,388348
2022,LIBTYPE000002,2060146021,영광군립도서관,jeonnam,영광군,93163,2,336,9577,368809
2022,LIBTYPE000002,2060121005,영도도서관,busan,영도구,160054,7,6593,124609,2519026
2022,LIBTYPE000003,2060821002,영도어린이영어도서관,busan,영도구,44990,2,14700,36946,235318
2022,LIBTYPE000002,2050143009,영동교육도서관,chungbuk,영동군,24375,3,128,278,594903
2022,LIBTYPE000002,2060146018,영암도서관,jeonnam,영암군,166610,5,12067,38857,763212
2022,LIBTYPE000002,2050142015,영월교육도서관,gangwon,영월군,103812,3,8569,27826,519031
2022,LIBTYPE000002,2060142014,영월주천도서관,gangwon,영월군,28258,0,187,4330,126617
2022,LIBTYPE000002,2060147015,영주시립도서관,gyeongbuk,영주시,91135,3,11197,51698,259236
2022,LIBTYPE000002,2060147016,영천시립도서관,gyeongbuk,영천시,155851,4,4760,103318,1110210
2022,LIBTYPE000002,2060144031,예산군립도서관,chungnam,예산군,64943,1,1462,19855,716291
2022,LIBTYPE000002,2060144020,예산삽교도서관,chungnam,예산군,79379,1,909,2904,38680
2022,LIBTYPE000002,2060141177,오산시 꿈두레도서관,gyeonggi,오산시,140148,4,10323,208279,979600
2022,LIBTYPE000002,2060141097,오산시 중앙도서관,gyeonggi,오산시,240379,6,10694,176466,1761273
2022,LIBTYPE000002,2060141053,오산시 청학도서관,gyeonggi,오산시,83820,1,2415,17296,548781
2022,LIBTYPE000022,2060841020,오산시립 햇살마루 도서관,gyeonggi,오산시,50013,1,3409,40542,328881
2022,LIBTYPE000002,2060141175,오산시초평도서관,gyeonggi,오산시,49622,1.5,2568,28592,609126
2022,LIBTYPE000002,2060143025,오창호수도서관,chungbuk,청주시,142987,7,12714,372930,1850834
2022,LIBTYPE000002,2060141107,오포도서관,gyeonggi,광주시,100847,4,52742,127012,645278
2022,LIBTYPE000002,2060146012,옥과공공도서관,jeonnam,곡성군,48747,2,5192,48734,379006
2022,LIBTYPE000002,2060143007,옥산도서관,chungbuk,청주시,69851,1,6388,54075,436361
2022,LIBTYPE000002,2060141236,옥정호수도서관,gyeonggi,양주시,88352,4,12501,217333,899362
2022,LIBTYPE000002,2050143008,옥천교육도서관,chungbuk,옥천군,67674,4,16029,16902,525764
2022,LIBTYPE000002,2060143016,옥천군민도서관,chungbuk,옥천군,79973,3,2021,55769,797946
2022,LIBTYPE000002,2060831003,옥현어린이도서관,ulsan,남구,32923,1.5,2812,72606,306717
2022,LIBTYPE000002,2060146022,완도군립도서관,jeonnam,완도군,122337,2,26306,26409,196650
2022,LIBTYPE000002,2060145032,완주군립 둔산영어도서관,jeonbuk,완주군,56549,1.5,11465,40707,353720
2022,LIBTYPE000002,2060145014,완주군립고산도서관,jeonbuk,완주군,67293,1,560,8801,280000
2022,LIBTYPE000002,2060145013,완주군립삼례도서관,jeonbuk,완주군,87565,0,3125,12263,356456
2022,LIBTYPE000002,2060145030,완주군립중앙도서관,jeonbuk,완주군,73104,4,679,24661,422586
2022,LIBTYPE000002,2060141249,왕배푸른숲도서관,gyeonggi,화성시,45233,6,13219,320880,1009644
2022,LIBTYPE000002,2060123030,용비도서관,incheon,미추홀구,66562,2,4199,87820,187530
2022,LIBTYPE000002,20601110015,용산 꿈나무도서관,seoul,용산구,53600,7,7266,164711,591095
2022,LIBTYPE000002,2060141118,용인시 기흥도서관,gyeonggi,용인시,196085,3.5,27786,457530,1498060
2022,LIBTYPE000002,2060141098,용인시 동백도서관,gyeonggi,용인시,176521,4,24105,493994,1471695
2022,LIBTYPE000002,2060141138,용인시 모현도서관,gyeonggi,용인시,128661,1.5,16269,100613,1083901
2022,LIBTYPE000002,2060141190,용인시 청덕도서관,gyeonggi,용인시,111437,4,18245,317046,991683
2022,LIBTYPE000002,2060141161,용인시 흥덕도서관,gyeonggi,용인시,141116,3,19397,408768,1242282
2022,LIBTYPE000002,2060141028,용인시구갈희망누리도서관,gyeonggi,용인시,47107,0.5,7808,84283,299453
2022,LIBTYPE000002,2060141027,용인시구성도서관,gyeonggi,용인시,166976,3.5,19027,296521,1188666
2022,LIBTYPE000002,2060141025,용인시수지도서관,gyeonggi,용인시,280557,9,35032,687978,2128492
2022,LIBTYPE000002,2060141205,용인시양지해밀도서관,gyeonggi,용인시,55732,0,3363,41806,344193
2022,LIBTYPE000002,2060141092,용인시죽전도서관,gyeonggi,용인시,198451,3.5,26039,521199,1363317
2022,LIBTYPE000002,2060141026,용인시포곡도서관,gyeonggi,용인시,183849,3.5,13215,168481,1200474
2022,LIBTYPE000002,2060141024,용인중앙도서관,gyeonggi,용인시,311460,7,20642,307351,1971189
2022,LIBTYPE000002,2060824002,운남어린이도서관,gwangju,광산구,55897,3,12241,138214,716825
2022,LIBTYPE000002,2060131005,울산남구도산도서관,ulsan,남구,60785,1,4328,112661,493608
2022,LIBTYPE000002,2060131007,울산남구신복도서관,ulsan,남구,57594,1,4724,48866,558064
2022,LIBTYPE000002,2050131002,울산남부도서관,ulsan,남구,295506,15,9030,233786,3066894
2022,LIBTYPE000002,2060131001,울산농소3동도서관,ulsan,북구,54110,2,4563,82635,392421
2022,LIBTYPE000002,2060131012,울산도서관,ulsan,남구,245504,12,42131,674461,4880657
2022,LIBTYPE000002,2050131003,울산동부도서관,ulsan,동구,266527,10,7287,232247,1816167
2022,LIBTYPE000004,2060831001,울산북구기적의도서관,ulsan,북구,51174,3,1794,32542,845562
2022,LIBTYPE000002,2060131004,울산북구중앙도서관,ulsan,북구,118679,3,6805,156961,684570
2022,LIBTYPE000002,2050131001,울산중부도서관,ulsan,중구,299155,4,16588,53127,1296075
2022,LIBTYPE000002,2050131004,울주도서관,ulsan,울주군,259763,12,4593,116618,2312775
2022,LIBTYPE000002,2060131008,울주선바위도서관,ulsan,울주군,155668,6.5,12367,282915,1750671
2022,LIBTYPE000002,2060131003,울주옹기종기도서관,ulsan,울주군,117278,3,3791,78487,833599
2022,LIBTYPE000002,2060131013,울주천상도서관,ulsan,울주군,50325,3,4865,97663,1043878
2022,LIBTYPE000002,2060147030,울진남부도서관,gyeongbuk,울진군,58536,2,1919,6545,429645
2022,LIBTYPE000002,2060122020,원고개도서관,daegu,서구,25626,1.5,978,20140,333026
2022,LIBTYPE000002,2060141170,원고잔도서관,gyeonggi,안산시,42167,1,9839,26345,183036
2022,LIBTYPE000002,20601110057,원당마을한옥도서관,seoul,도봉구,6721,4,6227,10297,230338
2022,LIBTYPE000002,2060125024,원신흥도서관,daejeon,유성구,46650,4,13650,323595,684852
2022,LIBTYPE000002,2050142002,원주교육문화관,gangwon,원주시,286150,10,83668,172989,1582089
2022,LIBTYPE000002,2060142007,원주시립중앙도서관,gangwon,원주시,379889,17,98092,439882,8710992
2022,LIBTYPE000002,2060142023,원통도서관,gangwon,인제군,30073,1,13411,13411,267540
2022,LIBTYPE000002,2060111034,월계도서관,seoul,노원구,95205,10,12630,104363,1091024
2022,LIBTYPE000002,2060811025,월계어린이도서관,seoul,노원구,16983,1,4662,41846,91859
2022,LIBTYPE000002,20601110011,월곡꿈그림도서관,seoul,성북구,20205,4,4300,21039,196449
2022,LIBTYPE000002,2060141150,월곶도서관,gyeonggi,시흥시,39571,4,1735,35649,564973
2022,LIBTYPE000002,2060141229,월롱도서관,gyeonggi,파주시,11373,2,1888,7782,96384
2022,LIBTYPE000002,2060125025,월평도서관,daejeon,서구,71879,4,407723,408019,1065259
2022,LIBTYPE000002,2060125009,유성도서관,daejeon,유성구,127578,4,10131,141201,875701
2022,LIBTYPE000002,20601110036,은뜨락도서관,seoul,은평구,34368,6,9139,105804,934554
2022,LIBTYPE000002,2060111060,은천동작은도서관,seoul,관악구,48935,2,8727,78091,257158
2022,LIBTYPE000002,2060111007,은평구립도서관,seoul,은평구,237484,19,17724,201577,3227077
2022,LIBTYPE000002,2050143013,음성교육도서관,chungbuk,음성군,42442,4,0,0,862476
2022,LIBTYPE000002,2060143009,음성대소도서관,chungbuk,음성군,41168,2,2881,7758,814202
2022,LIBTYPE000002,2060111055,응암정보도서관,seoul,은평구,52147,6,44862,115888,881833
2022,LIBTYPE000002,2060147022,의성군립도서관,gyeongbuk,의성군,58626,2,246,19499,546451
2022,LIBTYPE000002,2060141259,의왕시 포일어울림도서관,gyeonggi,의왕시,18343,2,4913,99039,281744
2022,LIBTYPE000002,2060841023,의왕시글로벌도서관,gyeonggi,의왕시,90055,1,6092,206587,1513903
2022,LIBTYPE000002,2060141052,의왕시내손도서관,gyeonggi,의왕시,216500,3,11321,374650,1699133
2022,LIBTYPE000002,2060141051,의왕시중앙도서관,gyeonggi,의왕시,201251,7,9383,194164,1389135
2022,LIBTYPE000002,2060141065,의정부과학도서관,gyeonggi,의정부시,177414,6,14906,218581,1745802
2022,LIBTYPE000002,2060141238,의정부미술도서관,gyeonggi,의정부시,49785,7,12196,159797,988306
2022,LIBTYPE000002,2060141276,의정부영어도서관,gyeonggi,의정부시,79749,3.5,18389,68808,685854
2022,LIBTYPE000002,2060141263,의정부음악도서관,gyeonggi,의정부시,10634,4,17388,42885,768364
2022,LIBTYPE000002,2060141066,의정부정보도서관,gyeonggi,의정부시,187265,5,21940,141797,1947921
2022,LIBTYPE000002,2060141206,이동꿈틀도서관,gyeonggi,용인시,37944,0,2090,18044,362731
2022,LIBTYPE000002,2060823016,이랑어린이도서관,incheon,미추홀구,24066,0,1258,23808,99194
2022,LIBTYPE000002,2060123037,이룸청소년도서관,incheon,동구,4574,1,865,1918,85548
2022,LIBTYPE000002,2060124014,이야기꽃도서관,gwangju,광산구,54892,5,5102,95236,945808
2022,LIBTYPE000002,2060122021,이천 어울림 도서관,daegu,남구,25877,1,12070,51885,465816
2022,LIBTYPE000002,2060841016,이천시 어린이도서관,gyeonggi,이천시,99409,2,3322,138391,474788
2022,LIBTYPE000002,2060141045,이천시립도서관,gyeonggi,이천시,167101,5,7228,98141,1641580
2022,LIBTYPE000002,2060141222,이천시립마장도서관,gyeonggi,이천시,43695,3,16093,262904,709624
2022,LIBTYPE000002,2060141165,이천시립효양도서관,gyeonggi,이천시,128268,3,6422,183266,561079
2022,LIBTYPE000002,2060141046,이천시청미도서관,gyeonggi,이천시,110182,3,29383,41965,598500
2022,LIBTYPE000002,2050145001,익산교육문화회관,jeonbuk,익산시,122614,5,7038,20091,3729098
2022,LIBTYPE000002,2050145002,익산교육문화회관 함열분관,jeonbuk,익산시,91984,3,538,10347,332411
2022,LIBTYPE000002,2060145043,익산시 유천도서관,jeonbuk,익산시,20224,4,4966,64275,1148287
2022,LIBTYPE000002,2060145041,익산시립금마도서관,jeonbuk,익산시,16366,2,2094,26636,234007
2022,LIBTYPE000002,2060145008,익산시립도서관 마동분관,jeonbuk,익산시,241153,3,5701,101549,1179220
2022,LIBTYPE000002,2060145007,익산시립도서관(영등도서관),jeonbuk,익산시,171931,7,29805,101286,1444328
2022,LIBTYPE000002,2060145027,익산시립모현도서관,jeonbuk,익산시,179971,10,44942,170932,5027583
2022,LIBTYPE000002,2060145029,익산시립부송도서관,jeonbuk,익산시,104371,3,5486,76472,1012872
2022,LIBTYPE000002,2060145037,익산시립황등도서관,jeonbuk,익산시,24974,1,4392,15300,209875
2022,LIBTYPE000002,2050142021,인제교육도서관,gangwon,인제군,74398,3,11904,25796,534387
2022,LIBTYPE000002,2060123023,인천광역시 송도국제기구도서관,incheon,연수구,22827,1,3442,8713,202552
2022,LIBTYPE000002,2060123025,인천광역시 영종하늘도서관,incheon,중구,81416,4,8238,215516,948198
2022,LIBTYPE000002,2060123010,인천광역시 율목도서관,incheon,중구,75729,8,1794,39262,1254926
2022,LIBTYPE000002,2060123024,인천광역시 청라국제도서관,incheon,서구,85747,4,78560,230289,1057787
2022,LIBTYPE000002,2060123026,인천광역시 청라호수도서관,incheon,서구,102870,3,82180,254471,1203081
2022,LIBTYPE000002,2050123007,인천광역시교육청계양도서관,incheon,계양구,213772,11,11250,162940,3379076
2022,LIBTYPE000002,2050123003,인천광역시교육청부평도서관,incheon,부평구,235087,12,9513,150452,2911788
2022,LIBTYPE000002,2050123001,인천광역시교육청북구도서관,incheon,부평구,298935,15,16001,283533,4665375
2022,LIBTYPE000002,2050123006,인천광역시교육청서구도서관,incheon,서구,258015,13,8615,168369,3117339
2022,LIBTYPE000002,2050123008,인천광역시교육청연수도서관,incheon,연수구,239028,12,10126,144805,2826229
2022,LIBTYPE000002,2050123004,인천광역시교육청주안도서관,incheon,미추홀구,239075,12,4555,41867,3930342
2022,LIBTYPE000002,2050123002,인천광역시교육청중앙도서관,incheon,남동구,289061,15,15573,500618,3216852
2022,LIBTYPE000025,2050823001,인천광역시교육청평생학습관,incheon,연수구,51364,4,2864,60583,4569946
2022,LIBTYPE000002,2050123005,인천광역시교육청화도진도서관,incheon,동구,194982,14,5393,88019,2207261
2022,LIBTYPE000002,2060123007,인천광역시립수봉도서관,incheon,미추홀구,101512,8,3507,61656,1392572
2022,LIBTYPE000002,2060123006,인천광역시립영종도서관,incheon,중구,103372,9,4761,84688,1536771
2022,LIBTYPE000002,2060123031,인천광역시마전도서관,incheon,서구,48864,3.5,54102,171905,1057295
2022,LIBTYPE000002,2060123001,인천광역시미추홀도서관,incheon,남동구,547865,14.5,14270,307870,9914506
2022,LIBTYPE000002,20601110055,일원라온영어도서관,seoul,강남구,21911,6,6461,127843,411607
2022,LIBTYPE000002,2060145042,임실군립도서관,jeonbuk,임실군,22137,1,5602,9186,483770
2022,LIBTYPE000002,2060145018,임실군립오수도서관,jeonbuk,임실군,44254,1,978,3543,121583
2022,LIBTYPE000002,2060145016,임피채만식도서관,jeonbuk,군산시,32643,0,699,1690,54040
2022,LIBTYPE000002,2060123035,임학도서관,incheon,계양구,15818,2,2985,33926,341365
2022,LIBTYPE000002,2060125015,자양도서관,daejeon,동구,53546,1,1285,28264,107808
2022,LIBTYPE000002,2060111039,자양제4동도서관,seoul,광진구,25786,3,5436,47157,291874
2022,LIBTYPE000002,20601110040,자양한강도서관,seoul,광진구,52715,8.5,12218,232579,1024953
2022,LIBTYPE000002,2060123019,작전도서관,incheon,계양구,43172,6,4841,61883,685768
2022,LIBTYPE000002,20601110010,잠원도서관,seoul,서초구,25855,1,10544,82952,241619
2022,LIBTYPE000002,2060124012,장덕도서관,gwangju,광산구,71905,4.5,10284,206101,969819
2022,LIBTYPE000002,2060823012,장사래어린이도서관,incheon,미추홀구,19513,0,647,12589,120839
2022,LIBTYPE000002,2060146039,장성군립북이도서관,jeonnam,장성군,26848,0,215,5565,185278
2022,LIBTYPE000002,2060146040,장성군립삼계도서관,jeonnam,장성군,42472,1,788,23382,228172
2022,LIBTYPE000002,2060146028,장성군립중앙도서관,jeonnam,장성군,140920,3,9531,59881,632410
2022,LIBTYPE000002,2060145012,장수군립도서관,jeonbuk,장수군,53168,1,2539,7516,181625
2022,LIBTYPE000002,2060811029,장안어린이도서관,seoul,동대문구,33585,3,2751,60541,183636
2022,LIBTYPE000002,20601110038,장위행복누림도서관,seoul,성북구,14548,4,3303,45077,204926
2022,LIBTYPE000002,2060148016,장유도서관,gyeongnam,김해시,179419,8.5,16088,263602,2463394
2022,LIBTYPE000002,2060821001,재송어린이도서관,busan,해운대구,123245,3,5983,193145,433349
2022,LIBTYPE000002,2060141121,적성도서관,gyeonggi,파주시,45835,2,1361,13784,431726
2022,LIBTYPE000002,2050146020,전라남도교육청고흥평생교육관,jeonnam,고흥군,101076,3,700,25303,1027990
2022,LIBTYPE000002,2050146007,전라남도교육청곡성교육문화회관,jeonnam,곡성군,73009,3,836,20592,671181
2022,LIBTYPE000002,2050146004,전라남도교육청광양도서관,jeonnam,광양시,104127,7,2895,68399,1047519
2022,LIBTYPE000002,2050146005,전라남도교육청광양평생교육관,jeonnam,광양시,94821,3,775,34376,2367279
2022,LIBTYPE000002,2050146008,전라남도교육청구례도서관,jeonnam,구례군,45493,4,1177,37535,552193
2022,LIBTYPE000002,2050146002,전라남도교육청나주도서관,jeonnam,나주시,403726,13,3715,174274,4772218
2022,LIBTYPE000002,2050146003,전라남도교육청남평도서관,jeonnam,나주시,86157,4,1245,44481,776730
2022,LIBTYPE000002,2050146006,전라남도교육청담양도서관,jeonnam,담양군,114733,6,2052,80958,944023
2022,LIBTYPE000002,2050146001,전라남도교육청목포도서관,jeonnam,목포시,300326,17,4109,139668,4452464
2022,LIBTYPE000002,2050146015,전라남도교육청무안도서관,jeonnam,무안군,98441,4,1005,30425,499442
2022,LIBTYPE000002,2050146010,전라남도교육청벌교도서관,jeonnam,보성군,74060,4,767,25247,607262
2022,LIBTYPE000002,2050146009,전라남도교육청보성도서관,jeonnam,보성군,88289,6,1002,35377,763820
2022,LIBTYPE000002,2050146022,전라남도교육청순천만생태문화교육원,jeonnam,순천시,31695,4,1192,40291,2966188
2022,LIBTYPE000002,2050146017,전라남도교육청영광도서관,jeonnam,영광군,87894,6,2185,81077,908955
2022,LIBTYPE000002,2050146014,전라남도교육청영암도서관,jeonnam,영암군,77923,3,482,25001,700899
2022,LIBTYPE000002,2050146018,전라남도교육청장성도서관,jeonnam,장성군,124352,7,2350,91099,1795233
2022,LIBTYPE000002,2050146012,전라남도교육청장흥도서관,jeonnam,장흥군,71316,4,894,20726,521404
2022,LIBTYPE000002,2050146019,전라남도교육청진도도서관,jeonnam,진도군,91031,4,1016,24200,265738
2022,LIBTYPE000002,2050146021,전라남도교육청학생교육문화회관,jeonnam,여수시,173178,8,1963,97339,2952603
2022,LIBTYPE000002,2050146016,전라남도교육청함평도서관,jeonnam,함평군,65884,4,419,17416,437278
2022,LIBTYPE000002,2050146013,전라남도교육청해남도서관,jeonnam,해남군,92507,5,1192,27407,607135
2022,LIBTYPE000002,2050146011,전라남도교육청화순도서관,jeonnam,화순군,104997,6,1962,66831,871264
2022,LIBTYPE000002,2060146035,전라남도립도서관,jeonnam,무안군,300141,10.5,74856,322084,3408660
2022,LIBTYPE000002,2050145006,전라북도교육청고창도서관,jeonbuk,고창군,57723,3,453,7936,328389
2022,LIBTYPE000002,2050145012,전라북도교육청무주도서관,jeonbuk,무주군,61160,3,549,15495,333651
2022,LIBTYPE000002,2050145005,전라북도교육청순창도서관,jeonbuk,순창군,65466,3,78,501,386076
2022,LIBTYPE000002,2050145009,전라북도교육청완주도서관,jeonbuk,완주군,40931,3,647,22446,386718
2022,LIBTYPE000002,2050145008,전라북도교육청임실도서관,jeonbuk,임실군,51640,3,357,12193,363070
2022,LIBTYPE000002,2050145011,전라북도교육청장수도서관,jeonbuk,장수군,57952,3,4699,9590,307913
2022,LIBTYPE000002,2050145004,전라북도교육청진안도서관,jeonbuk,진안군,54006,3,702,14378,307235
2022,LIBTYPE000002,2060145025,전북도청도서관,jeonbuk,전주시,82719,4,9304,20866,464024
2022,LIBTYPE000002,2050145016,전주교육문화회관,jeonbuk,전주시,247098,9,37309,89863,1570828
2022,LIBTYPE000002,2060145035,전주시립건지도서관,jeonbuk,전주시,61734,3,6852,47474,498461
2022,LIBTYPE000002,2060145002,전주시립금암도서관,jeonbuk,전주시,119300,2,16266,56769,566392
2022,LIBTYPE000002,2060145040,전주시립도서관 꽃심,jeonbuk,전주시,48732,7,11585,178757,877288
2022,LIBTYPE000002,2060145004,전주시립삼천도서관,jeonbuk,전주시,79591,3,8246,121947,527508
2022,LIBTYPE000002,2060145024,전주시립서신도서관,jeonbuk,전주시,84603,3,31381,113655,561933
2022,LIBTYPE000002,2060145005,전주시립송천도서관,jeonbuk,전주시,99197,1,84514,195132,613466
2022,LIBTYPE000002,2060145001,전주시립완산도서관,jeonbuk,전주시,176643,3,13276,30159,459042
2022,LIBTYPE000002,2060145003,전주시립인후도서관,jeonbuk,전주시,78387,3,3889,38663,514846
2022,LIBTYPE000002,2060145033,전주시립쪽구름도서관,jeonbuk,전주시,52372,2,4856,93005,532364
2022,LIBTYPE000002,2060145028,전주시립평화도서관,jeonbuk,전주시,86822,2,7197,107058,516342
2022,LIBTYPE000002,2060145036,전주시립효자도서관,jeonbuk,전주시,64737,2,9039,191053,674940
2022,LIBTYPE000002,2060141219,점동도서관,gyeonggi,여주시,30965,2,1061,16525,400695
2022,LIBTYPE000002,2060121016,정관도서관,busan,기장군,209199,9,13262,45970,1723053
2022,LIBTYPE000002,2060821004,정관어린이도서관,busan,기장군,45907,1,3060,64886,394879
2022,LIBTYPE000002,2060141147,정남도서관,gyeonggi,화성시,43560,2,4462,27867,371746
2022,LIBTYPE000002,2060146033,정남진도서관,jeonnam,장흥군,105848,0,3835,14097,255357
2022,LIBTYPE000002,2060111021,정다운도서관,seoul,강남구,48800,4,11988,103182,460155
2022,LIBTYPE000002,20601110006,정릉도서관,seoul,성북구,34500,2,4477,32020,163854
2022,LIBTYPE000002,2060144036,정산도서관,chungnam,청양군,38472,1,1704,3640,306979
2022,LIBTYPE000002,2050142017,정선교육도서관,gangwon,정선군,83900,3,4490,15295,542666
2022,LIBTYPE000002,2060841017,정왕어린이도서관,gyeonggi,시흥시,67076,3,1214,16855,516078
2022,LIBTYPE000002,2060845001,정읍기적의도서관,jeonbuk,정읍시,69621,3,6888,42191,442750
2022,LIBTYPE000002,2060145015,정읍시립도서관신태인분관,jeonbuk,정읍시,59062,1,788,20570,356243
2022,LIBTYPE000002,2060145006,정읍시립중앙도서관,jeonbuk,정읍시,173114,5,5025,111592,1477000
2022,LIBTYPE000002,2050145015,정읍학생복지회관,jeonbuk,정읍시,85681,4,10961,14431,1413439
2022,LIBTYPE000002,2050149005,제남도서관,jeju,서귀포시,95813,3,882,24368,677238
2022,LIBTYPE000012,2060849003,제주꿈바당어린이도서관,jeju,제주시,39663,0,0,0,679807
2022,LIBTYPE000002,2050149001,제주도서관,jeju,제주시,278696,8,83495,265392,1503746
2022,LIBTYPE000002,2060849001,제주시기적의도서관,jeju,제주시,60218,3,19682,88579,272996
2022,LIBTYPE000002,2060149001,제주시우당도서관,jeju,제주시,284001,7,59483,226114,1337158
2022,LIBTYPE000002,2060149013,제주특별자치도 한라도서관,jeju,제주시,319356,8,117312,428069,2123940
2022,LIBTYPE000002,2060843002,제천기적의도서관,chungbuk,제천시,114417,5,14247,78880,693565
2022,LIBTYPE000002,2060143004,제천시립도서관,chungbuk,제천시,374338,16,65483,290174,7566062
2022,LIBTYPE000002,2060143010,제천시립의병도서관,chungbuk,제천시,9936,1,108,194,0
2022,LIBTYPE000002,2060143005,제천여성도서관,chungbuk,제천시,65395,2,6852,19403,250000
2022,LIBTYPE000002,2050143005,제천학생회관,chungbuk,제천시,45630,2,1804,6434,554975
2022,LIBTYPE000002,2060141119,조리도서관,gyeonggi,파주시,45960,3,5519,28291,408991
2022,LIBTYPE000002,2060111072,조원도서관,seoul,관악구,59634,2,8222,59148,235179
2022,LIBTYPE000002,2060149008,조천읍도서관,jeju,제주시,68697,3,25087,90041,627586
2022,LIBTYPE000002,2060811011,종암동새날도서관,seoul,성북구,46322,5,3970,58255,280662
2022,LIBTYPE000002,2060132004,종촌동도서관,sejong,세종시,54897,1,8874,130517,169156
2022,LIBTYPE000002,2060147024,죽변면도서관,gyeongbuk,울진군,62784,4,3067,26795,559311
2022,LIBTYPE000002,2060144037,죽정도서관,chungnam,보령시,42124,4,15553,25509,431966
2022,LIBTYPE000002,2060111047,중곡문화체육센터도서관,seoul,광진구,80800,5,11260,172484,668222
2022,LIBTYPE000002,2060111019,중랑구립면목정보도서관,seoul,중랑구,107250,6,22615,112710,683070
2022,LIBTYPE000002,2060111001,중랑구립정보도서관,seoul,중랑구,143371,9,14353,272854,1494568
2022,LIBTYPE000002,20601110034,중랑상봉도서관,seoul,중랑구,54944,5,20587,110387,655964
2022,LIBTYPE000002,2060811014,중랑숲어린이도서관,seoul,중랑구,56037,5,4298,59080,608911
2022,LIBTYPE000002,2060148033,중리초등복합시설도서관,gyeongnam,창원시,105775,0,13335,32282,250765
2022,LIBTYPE000002,2050143004,중원교육도서관,chungbuk,충주시,53067,2,111,7413,323047
2022,LIBTYPE000002,2060142031,중천철학도서관,gangwon,원주시,39786,2,8035,19748,238630
2022,LIBTYPE000002,2060124017,중흥도서관,gwangju,북구,30945,7,4740,70799,1852233
2022,LIBTYPE000002,2060111022,즐거운도서관,seoul,강남구,37739,6,8342,42816,1177264
2022,LIBTYPE000002,2050143012,증평교육도서관,chungbuk,증평군,36750,4,0,0,888102
2022,LIBTYPE000002,2060143022,증평군립도서관,chungbuk,증평군,81867,4,31080,54889,539652
2022,LIBTYPE000002,2060121026,지사도서관,busan,강서구,19650,2,2267,35929,333231
2022,LIBTYPE000002,2030111009,지샘터 올림픽공원도서관,seoul,송파구,17465,1,2412,32275,62956
2022,LIBTYPE000002,2060841002,지혜샘어린이도서관,gyeonggi,수원시,135301,2,42812,165849,669230
2022,LIBTYPE000002,2060123036,지혜의숲도서관,incheon,강화군,17289,2,7066,22475,156691
2022,LIBTYPE000002,2060147027,진보공공도서관,gyeongbuk,청송군,34976,1,1717,4297,260357
2022,LIBTYPE000002,2060144033,진산도서관,chungnam,금산군,37399,1,1847,4139,163071
2022,LIBTYPE000002,2060148022,진영한빛도서관,gyeongnam,김해시,124159,5,4766,128677,2004684
2022,LIBTYPE000002,2060125021,진잠도서관,daejeon,유성구,82227,3,17776,114349,690636
2022,LIBTYPE000002,2060148005,진주시립서부도서관,gyeongnam,진주시,179276,3.5,3210,146061,431275
2022,LIBTYPE000002,2060148004,진주시립연암도서관,gyeongnam,진주시,210410,7,116760,248819,1097413
2022,LIBTYPE000013,2060848001,진주시어린이전문도서관,gyeongnam,진주시,76244,2,76823,229384,266126
2022,LIBTYPE000014,2060848009,진주시혁신어린이도서관,gyeongnam,진주시,46345,1.5,63776,152970,119385
2022,LIBTYPE000002,2050143010,진천교육도서관,chungbuk,진천군,43465,3,148,648,322579
2022,LIBTYPE000002,2060143015,진천군립광혜원도서관,chungbuk,진천군,69312,2,791,14494,373089
2022,LIBTYPE000002,2060143021,진천군립도서관,chungbuk,진천군,104151,6,2195,38621,1380436
2022,LIBTYPE000002,2060848002,진해기적의도서관,gyeongnam,창원시,74321,3,4808,86075,470000
2022,LIBTYPE000002,2060148007,진해도서관,gyeongnam,창원시,217880,5,12088,196113,1908618
2022,LIBTYPE000002,2060148031,창녕군 영산도서관,gyeongnam,창녕군,60019,2,1820,10469,686733
2022,LIBTYPE000002,2060148001,창원중앙도서관,gyeongnam,창원시,339824,12,17301,243882,8039304
2022,LIBTYPE000002,2060144028,천안시도서관본부 도솔도서관,chungnam,천안시,98548,2,2105,272015,525003
2022,LIBTYPE000002,2060144029,천안시도서관본부 두정도서관,chungnam,천안시,214362,4,77178,265750,2276533
2022,LIBTYPE000002,2060144030,천안시도서관본부 신방도서관,chungnam,천안시,118555,3,57211,225513,919622
2022,LIBTYPE000002,2060144014,천안시도서관본부 쌍용도서관,chungnam,천안시,179489,6,12211,224799,1505350
2022,LIBTYPE000002,2060144023,천안시도서관본부 아우내도서관,chungnam,천안시,70838,1,9101,70533,466084
2022,LIBTYPE000002,2060144021,천안시도서관본부 중앙도서관,chungnam,천안시,125892,11,3232,39907,2089381
2022,LIBTYPE000002,2060144041,천안시도서관본부 청수도서관,chungnam,천안시,87482,5,11769,253752,2603122
2022,LIBTYPE000002,2060144022,천안시도서관본부도서관 성거도서관,chungnam,천안시,86741,2,3442,35293,568774
2022,LIBTYPE000002,2060144042,천안아산상생협력센터도서관,chungnam,천안시,65371,2,56749,268673,359865
2022,LIBTYPE000002,2060146038,철마도서관,jeonnam,진도군,39478,2,957,2124,474753
2022,LIBTYPE000002,2060142019,철원갈말도서관,gangwon,철원군,62364,2,5899,20809,368729
2022,LIBTYPE000002,2050142018,철원교육도서관,gangwon,철원군,56709,3,13212,27485,584533
2022,LIBTYPE000002,2060142018,철원김화도서관,gangwon,철원군,62667,2,923,23017,534390
2022,LIBTYPE000002,2060124007,첨단도서관,gwangju,광산구,56778,3,5868,108582,781180
2022,LIBTYPE000002,2060111015,청담도서관,seoul,강남구,35393,4,10475,58346,380003
2022,LIBTYPE000002,2060847001,청도어린이도서관,gyeongbuk,청도군,62285,1,652,16190,595487
2022,LIBTYPE000002,2060111094,청운문학도서관,seoul,종로구,39045,4,8229,26868,386288
2022,LIBTYPE000002,2060143033,청주가로수도서관,chungbuk,청주시,48261,2,11579,255544,1028818
2022,LIBTYPE000002,2060143028,청주금빛도서관,chungbuk,청주시,66958,3,71605,364962,864842
2022,LIBTYPE000002,2060843001,청주기적의도서관,chungbuk,청주시,48307,4,3562,80147,378836
2022,LIBTYPE000002,2060143034,청주내수도서관,chungbuk,청주시,22664,2,11110,44544,428555
2022,LIBTYPE000002,2060143014,청주상당도서관,chungbuk,청주시,138726,1.5,31229,162231,696997
2022,LIBTYPE000002,2060143018,청주서원도서관,chungbuk,청주시,120294,3,5082,25555,1149964
2022,LIBTYPE000002,2060143001,청주시립도서관,chungbuk,청주시,256328,8,4956,84502,11716420
2022,LIBTYPE000002,2060143020,청주시립오송도서관,chungbuk,청주시,128858,5,8438,146587,1860688
2022,LIBTYPE000015,2060843003,청주신율봉어린이도서관,chungbuk,청주시,77017,1,12413,88979,368057
2022,LIBTYPE000002,2030143001,청주열린도서관,chungbuk,청주시,30147,8,0,0,491029
2022,LIBTYPE000002,2060143013,청주오창도서관,chungbuk,청주시,144132,1,15596,91343,474397
2022,LIBTYPE000002,2060143011,청주청원도서관,chungbuk,청주시,149861,2,34438,192254,827763
2022,LIBTYPE000002,2060143012,청주흥덕도서관,chungbuk,청주시,134937,3,44352,223364,1088187
2022,LIBTYPE000002,2060123017,청천도서관,incheon,부평구,59939,6,28372,105996,861430
2022,LIBTYPE000002,2060111056,청파도서관,seoul,용산구,40897,3,1576,21018,291102
2022,LIBTYPE000002,2060141148,초월도서관,gyeonggi,광주시,101113,5,7676,165102,736690
2022,LIBTYPE000002,2060148043,최윤덕도서관,gyeongnam,창원시,49241,6,9887,135564,8939901
2022,LIBTYPE000002,2060144027,추부도서관,chungnam,금산군,43688,0,1180,1694,127766
2022,LIBTYPE000002,2050142006,춘성교육도서관,gangwon,춘천시,61583,3,697,15637,565147
2022,LIBTYPE000002,2050142001,춘천교육문화관,gangwon,춘천시,165492,9,37897,82101,2076444
2022,LIBTYPE000002,2060142003,춘천남산도서관,gangwon,춘천시,36428,1,533,9023,362072
2022,LIBTYPE000002,2060142004,춘천동내도서관,gangwon,춘천시,68600,1,2128,26222,377528
2022,LIBTYPE000002,2060142006,춘천서면도서관,gangwon,춘천시,29003,1,998,10030,415323
2022,LIBTYPE000002,2060142001,춘천시립도서관,gangwon,춘천시,247022,13,17245,303164,3971097
2022,LIBTYPE000002,2060142034,춘천시립청소년도서관,gangwon,춘천시,58892,5,6714,98724,1476354
2022,LIBTYPE000002,2060142005,춘천신사우동도서관,gangwon,춘천시,77599,2,4317,64186,487614
2022,LIBTYPE000002,2060144040,충남도서관,chungnam,홍성군,259240,9,12771,342932,9437115
2022,LIBTYPE000002,2060143002,충주시립도서관,chungbuk,충주시,265539,6,76760,176681,1831499
2022,LIBTYPE000002,2060143003,충주시립호암도서관,chungbuk,충주시,51774,0,3080,7270,46152
2022,LIBTYPE000002,2060143029,충주어린이청소년도서관,chungbuk,충주시,28675,3,9965,26667,791038
2022,LIBTYPE000002,2050144001,충청남도공주교육지원청공주도서관,chungnam,공주시,103693,3,691,30687,548253
2022,LIBTYPE000002,2050144002,충청남도공주교육지원청유구도서관,chungnam,공주시,89011,3,340,28559,518919
2022,LIBTYPE000002,2050144016,충청남도교육청남부평생교육원,chungnam,논산시,132574,7,1942,52014,2820251
2022,LIBTYPE000002,2050144015,충청남도교육청서부평생교육원,chungnam,서산시,133619,7,5749,177404,3072940
2022,LIBTYPE000002,2050144017,충청남도교육청평생교육원,chungnam,천안시,198385,6,2240,104529,3762088
2022,LIBTYPE000002,2050144018,충청남도교육청학생교육문화원,chungnam,천안시,149535,5,1763,97664,5324564
2022,LIBTYPE000002,2050144003,충청남도금산교육지원청금산도서관,chungnam,금산군,101923,3,791,27240,576856
2022,LIBTYPE000002,2050144004,충청남도당진교육지원청당진도서관,chungnam,당진시,93724,5,28066,85515,727183
2022,LIBTYPE000002,2050144005,충청남도보령교육지원청보령도서관,chungnam,보령시,112877,2,1486,54493,404201
2022,LIBTYPE000002,2050144006,충청남도보령교육지원청웅천도서관,chungnam,보령시,65420,3,313,16154,463243
2022,LIBTYPE000002,2050144007,충청남도부여교육지원청부여도서관,chungnam,부여군,96054,3,1197,31628,615488
2022,LIBTYPE000002,2050144008,충청남도서산교육지원청해미도서관,chungnam,서산시,79794,3,7550,22346,623697
2022,LIBTYPE000002,2050144009,충청남도서천교육지원청서천도서관,chungnam,서천군,79467,3,1015,35486,287647
2022,LIBTYPE000002,2050144010,충청남도아산교육지원청아산도서관,chungnam,아산시,113186,5,1764,78387,1025872
2022,LIBTYPE000002,2050144012,충청남도예산교육지원청예산도서관,chungnam,예산군,105768,3,735,18606,552702
2022,LIBTYPE000002,2050144013,충청남도천안교육지원청성환도서관,chungnam,천안시,118808,3,1606,44619,777956
2022,LIBTYPE000002,2050144014,충청남도청양교육지원청청양도서관,chungnam,청양군,92698,3,7318,18403,552542
2022,LIBTYPE000002,2050144019,충청남도태안교육지원청태안도서관,chungnam,태안군,97826,2,1096,54576,710821
2022,LIBTYPE000002,2050144020,충청남도홍성교육지원청홍성도서관,chungnam,홍성군,89794,4,1992,55574,863495
2022,LIBTYPE000002,2050143001,충청북도교육도서관,chungbuk,청주시,320746,17,39547,261644,6323813
2022,LIBTYPE000002,2050143002,충청북도교육문화원,chungbuk,청주시,28360,1,2413,6488,131664
2022,LIBTYPE000002,2050143016,충청북도중원교육문화원,chungbuk,충주시,68209,11,25489,99199,3559877
2022,LIBTYPE000002,2060147029,칠곡군립도서관,gyeongbuk,칠곡군,86345,5,2814,59977,1311270
2022,LIBTYPE000002,2060148015,칠암도서관,gyeongnam,김해시,171093,7,19576,88714,1722313
2022,LIBTYPE000002,2060147008,칠평도서관,gyeongbuk,경주시,54764,2,571,32678,600894
2022,LIBTYPE000002,2060145038,콩쥐팥쥐도서관,jeonbuk,완주군,38183,3,30948,106187,629228
2022,LIBTYPE000002,2060141204,탄현도서관,gyeonggi,파주시,18178,0,4452,18100,122517
2022,LIBTYPE000002,2060149002,탐라도서관,jeju,제주시,210674,5,104499,286262,2302190
2022,LIBTYPE000002,2050142012,태백교육도서관,gangwon,태백시,88749,3,1617,33680,517573
2022,LIBTYPE000002,2060142035,태백산소드림도서관,gangwon,태백시,38022,3,1383,34199,418125
2022,LIBTYPE000002,2060142011,태백시립도서관,gangwon,태백시,116318,3,7139,25221,382589
2022,LIBTYPE000002,2060144032,태안군립중앙도서관,chungnam,태안군,104795,4,2681,63183,621028
2022,LIBTYPE000002,2060144019,태안안면도서관,chungnam,태안군,52228,0,0,0,739200
2022,LIBTYPE000002,2060142022,토성공공도서관,gangwon,고성군,46866,1,227,2684,123013
2022,LIBTYPE000002,2060148026,통영시립도서관,gyeongnam,통영시,86568,3,4983,83985,708619
2022,LIBTYPE000002,2060148014,통영시립욕지도서관,gyeongnam,통영시,47334,0,140,1188,106757
2022,LIBTYPE000002,2060148030,통영시립충무도서관,gyeongnam,통영시,67500,3,33939,116058,353679
2022,LIBTYPE000002,2060141271,퇴촌도서관,gyeonggi,광주시,20184,5,285,2314,80109
2022,LIBTYPE000002,2060141273,파주시립중앙도서관광탄분관,gyeonggi,파주시,28063,2,1571,10471,598329
2022,LIBTYPE000002,2060141071,파주시립중앙도서관금촌분관,gyeonggi,파주시,53151,1,3908,10361,145577
2022,LIBTYPE000002,2060141072,파주시립중앙도서관문산분관,gyeonggi,파주시,82234,2,5438,65296,567732
2022,LIBTYPE000002,2060141073,파주시립중앙도서관법원분관,gyeonggi,파주시,70094,2,7237,17857,529565
2022,LIBTYPE000002,2060141070,파주시중앙도서관,gyeonggi,파주시,248515,14,12393,56162,2602497
2022,LIBTYPE000002,2060141221,파평도서관,gyeonggi,파주시,11484,1,5406,5406,110785
2022,LIBTYPE000002,2060141123,판교도서관,gyeonggi,성남시,221209,5,106152,444791,1420736
2022,LIBTYPE000002,2050142016,평창교육도서관,gangwon,평창군,80316,3,4842,19760,1905795
2022,LIBTYPE000002,2060142036,평창군립대관령도서관,gangwon,평창군,16315,1,551,10741,270224
2022,LIBTYPE000002,2060142016,평창군립대화도서관,gangwon,평창군,54187,2,4187,4187,382000
2022,LIBTYPE000002,2060142029,평창군립봉평도서관,gangwon,평창군,27659,1,610,12213,170263
2022,LIBTYPE000002,2060142015,평창군립진부도서관,gangwon,평창군,64266,2,4278,8594,251268
2022,LIBTYPE000002,2060141030,평택시립 비전도서관,gyeonggi,평택시,123663,5,8084,118468,648875
2022,LIBTYPE000002,2060141209,평택시립 진위도서관,gyeonggi,평택시,46480,0,2225,23092,293060
2022,LIBTYPE000002,2060141225,평택시립배다리도서관,gyeonggi,평택시,228667,12,22806,591741,2046547
2022,LIBTYPE000002,2060141214,평택시립세교도서관,gyeonggi,평택시,49409,1.5,6628,129313,280603
2022,LIBTYPE000002,2060141032,평택시립안중도서관,gyeonggi,평택시,170635,11,7365,169220,1275627
2022,LIBTYPE000002,2060141178,평택시립오성도서관,gyeonggi,평택시,45970,0.5,1956,17389,152102
2022,LIBTYPE000002,2060141155,평택시립장당도서관,gyeonggi,평택시,123234,5,8107,179120,1230307
2022,LIBTYPE000016,2060841018,평택시립지산초록도서관,gyeonggi,평택시,153355,4,5487,93966,565597
2022,LIBTYPE000002,2060141186,평택시립청북도서관,gyeonggi,평택시,41510,1,3751,70771,159943
2022,LIBTYPE000002,2060141031,평택시립팽성도서관,gyeonggi,평택시,75960,4,3668,55718,393251
2022,LIBTYPE000002,2060141166,포천시립가산도서관,gyeonggi,포천시,44384,1.5,170,9377,189642
2022,LIBTYPE000002,2060141248,포천시립선단도서관,gyeonggi,포천시,23591,1.5,3177,16367,374245
2022,LIBTYPE000002,2060141106,포천시립소흘도서관,gyeonggi,포천시,67640,1,3178,53107,539333
2022,LIBTYPE000002,2060141151,포천시립영북도서관,gyeonggi,포천시,41995,1,1097,16521,599006
2022,LIBTYPE000002,2060141077,포천시립영중꿈나무도서관,gyeonggi,포천시,32444,0,257,2251,137997
2022,LIBTYPE000002,2060141076,포천시립일동도서관,gyeonggi,포천시,81741,2,1497,23871,534322
2022,LIBTYPE000002,2060141134,포천시립중앙도서관,gyeonggi,포천시,110392,6,2756,47819,875844
2022,LIBTYPE000002,2060147042,포항시립구룡포도서관,gyeongbuk,포항시,22423,2,2304,26586,424034
2022,LIBTYPE000002,2060147025,포항시립대잠도서관,gyeongbuk,포항시,142923,2,83545,175364,261412
2022,LIBTYPE000002,2060147026,포항시립동해석곡도서관,gyeongbuk,포항시,38378,2,1540,16569,316218
2022,LIBTYPE000002,2060147035,포항시립어린이영어도서관,gyeongbuk,포항시,25068,2,1693,44800,226904
2022,LIBTYPE000002,2060147040,포항시립연일도서관,gyeongbuk,포항시,25931,2,16947,53220,325938
2022,LIBTYPE000002,2060147002,포항시립영암도서관,gyeongbuk,포항시,90295,2,4106,26949,475961
2022,LIBTYPE000002,2060147003,포항시립오천도서관,gyeongbuk,포항시,55516,2,9344,32371,461638
2022,LIBTYPE000002,2060147001,포항시립포은중앙도서관,gyeongbuk,포항시,224080,13,15709,324999,3853297
2022,LIBTYPE000002,2060149012,표선도서관,jeju,서귀포시,82061,1.5,24564,76875,457631
2022,LIBTYPE000002,2030122003,푸른초장공공도서관,daegu,달서구,39982,1,949,5091,55000
2022,LIBTYPE000002,2060811030,하계어린이도서관,seoul,노원구,8501,2,3005,30776,126318
2022,LIBTYPE000002,2060141101,하남시 나룰도서관,gyeonggi,하남시,205834,4,18339,358278,1541710
2022,LIBTYPE000002,2060141198,하남시 덕풍도서관,gyeonggi,하남시,25973,1,1969,28500,294775
2022,LIBTYPE000002,2060141269,하남시디지털도서관,gyeonggi,하남시,0,2,0,0,363868
2022,LIBTYPE000002,2060141242,하남시미사도서관,gyeonggi,하남시,124465,8.5,24910,616051,2217353
2022,LIBTYPE000002,2060141227,하남시세미도서관,gyeonggi,하남시,29962,1,2615,49736,832061
2022,LIBTYPE000002,2060141050,하남시신장도서관,gyeonggi,하남시,161996,5,1046,3650,377400
2022,LIBTYPE000002,2060141257,하남시위례도서관,gyeonggi,하남시,44121,3,13400,351716,1062087
2022,LIBTYPE000002,2060141272,하남시일가도서관,gyeonggi,하남시,23632,2.5,4185,105489,630496
2022,LIBTYPE000002,2060111065,하늘도서관,seoul,구로구,28683,3,641,16378,224576
2022,LIBTYPE000002,2060123004,학나래도서관,incheon,미추홀구,53774,2.5,2446,45204,542031
2022,LIBTYPE000002,2060111050,학마을도서관,seoul,도봉구,70934,8,7119,89192,848174
2022,LIBTYPE000002,2060149009,한경도서관,jeju,제주시,63044,2,2001,43329,708646
2022,LIBTYPE000002,2030141008,한국장학재단-은행권 제1호 대학생연합생활관 인성교육관 도서관,gyeonggi,고양시,11818,1,291,3000,67370
2022,LIBTYPE000002,2030111003,한국학생도서관,seoul,중구,11286,2,50,102,152972
2022,LIBTYPE000002,2030122002,한들마을도서관,daegu,동구,30789,0.5,139,5172,60572
2022,LIBTYPE000002,2060141149,한빛도서관,gyeonggi,파주시,102841,4,12405,280889,815626
2022,LIBTYPE000002,2060132001,한솔동도서관,sejong,세종시,31690,1,5895,80641,122275
2022,LIBTYPE000002,2050149003,한수풀도서관,jeju,제주시,103574,3,2147,61487,857313
2022,LIBTYPE000002,2030141002,한아름도서관 (수원청소년문화센터내),gyeonggi,수원시,47936,0,8074,51000,138098
2022,LIBTYPE000002,2060141220,한울도서관,gyeonggi,파주시,64384,4,13614,228270,871132
2022,LIBTYPE000002,2060123032,함박비류도서관,incheon,연수구,31288,1.5,32732,56128,377884
2022,LIBTYPE000002,2060148036,함안군립칠원도서관,gyeongnam,함안군,61770,2,1575,44669,719780
2022,LIBTYPE000002,2060146030,함평군립도서관,jeonnam,함평군,31307,2,303,5359,245428
2022,LIBTYPE000002,20601110060,항동푸른도서관,seoul,구로구,8163,3,0,0,280004
2022,LIBTYPE000002,2060146027,해남군립도서관,jeonnam,해남군,99090,3,1817,34599,903000
2022,LIBTYPE000002,2060123027,해돋이도서관,incheon,연수구,68448,2.5,142071,264687,394092
2022,LIBTYPE000002,2060146032,해룡농어촌도서관,jeonnam,순천시,30792,0,3923,9582,602144
2022,LIBTYPE000002,20601110023,해맞이역사도서관,seoul,양천구,30041,4,8905,35007,274894
2022,LIBTYPE000002,2060141090,해밀도서관,gyeonggi,부천시,82853,2,1744,33693,1409709
2022,LIBTYPE000002,2060132014,해밀동도서관,sejong,세종시,21018,1,5538,64384,162182
2022,LIBTYPE000002,2060141128,해솔도서관,gyeonggi,파주시,81663,4,27210,167657,757052
2022,LIBTYPE000002,2060141226,해오름도서관,gyeonggi,성남시,69040,3,12619,115904,1484234
2022,LIBTYPE000002,2060811007,해오름도서관,seoul,성북구,35512,3,3938,51332,165809
2022,LIBTYPE000002,2050121006,해운대도서관 우동분관,busan,해운대구,118933,4,4873,79426,608259
2022,LIBTYPE000002,2060121021,해운대인문학도서관,busan,해운대구,110967,9,96338,286998,3950171
2022,LIBTYPE000002,2060141129,행복어린이도서관,gyeonggi,파주시,30173,1,2214,22465,167576
2022,LIBTYPE000002,2060111023,행복한도서관,seoul,강남구,46322,5,12141,104376,793445
2022,LIBTYPE000002,2060125016,홍도도서관,daejeon,동구,53935,1,1413,35508,126852
2022,LIBTYPE000002,2060144035,홍산공공도서관,chungnam,부여군,30066,2,864,5798,254961
2022,LIBTYPE000002,2050142013,홍천교육도서관,gangwon,홍천군,81938,4,14443,27714,550823
2022,LIBTYPE000002,2060142040,홍천내면도서관,gangwon,홍천군,9887,2,532,1480,212557
2022,LIBTYPE000002,2060142028,홍천연봉도서관,gangwon,홍천군,73838,3,10755,32529,752146
2022,LIBTYPE000002,2060111071,화랑도서관,seoul,노원구,58460,3,9116,92396,458428
2022,LIBTYPE000002,2060121012,화명도서관,busan,북구,170471,13,151251,320743,1342948
2022,LIBTYPE000002,2060141231,화성시 다원이음터도서관,gyeonggi,화성시,79815,5,15891,352183,743663
2022,LIBTYPE000002,2060141197,화성시 동탄중앙이음터도서관,gyeonggi,화성시,114586,6,20061,406425,1098997
2022,LIBTYPE000002,2060141241,화성시 송린이음터도서관,gyeonggi,화성시,54524,4,7763,190951,700320
2022,LIBTYPE000002,2060141195,화성시 진안도서관,gyeonggi,화성시,93656,4,9822,158064,810632
2022,LIBTYPE000002,2060141042,화성시남양도서관,gyeonggi,화성시,134561,4,10183,150169,1143032
2022,LIBTYPE000028,2060841021,화성시립둥지나래어린이도서관,gyeonggi,화성시,74161,3,7059,132321,754019
2022,LIBTYPE000002,2060141139,화성시립송산도서관,gyeonggi,화성시,86278,4,7257,48540,819328
2022,LIBTYPE000002,2060141044,화성시병점도서관,gyeonggi,화성시,132321,5,10394,145710,856749
2022,LIBTYPE000002,2060141043,화성시삼괴도서관,gyeonggi,화성시,95167,4,5044,51003,666689
2022,LIBTYPE000002,2060141041,화성시태안도서관,gyeonggi,화성시,115039,5,9299,95248,647213
2022,LIBTYPE000002,2060146037,화순열린도서관,jeonnam,화순군,73333,3,1365,8926,741879
2022,LIBTYPE000002,2060148021,화전도서관,gyeongnam,남해군,71036,3,4758,13273,2316455
2022,LIBTYPE000002,2060148020,화정글샘도서관,gyeongnam,김해시,110669,7,25490,112192,1698290
2022,LIBTYPE000002,2050142019,화천교육도서관,gangwon,화천군,52681,3,5421,10461,494360
2022,LIBTYPE000002,2060842001,화천어린이도서관,gangwon,화천군,27294,1,958,33276,298397
2022,LIBTYPE000002,2030841002,화홍어린이도서관,gyeonggi,수원시,11886,0,723,2166,34050
2022,LIBTYPE000002,2050142014,횡성교육도서관,gangwon,횡성군,96183,3,7098,9875,378007
2022,LIBTYPE000002,2060142030,횡성군립도서관,gangwon,횡성군,73915,2,2111,36387,901899
2022,LIBTYPE000002,2060123005,효성도서관,incheon,계양구,47876,3,3918,57996,507765
2022,LIBTYPE000002,2060811015,휘경어린이도서관,seoul,동대문구,35574,4,2991,64771,264734
2022,LIBTYPE000002,20601110056,휘경행복도서관,seoul,동대문구,13769,3,6803,18582,324713
2022,LIBTYPE000002,2060146026,흑산자산문화도서관,jeonnam,신안군,8944,0,0,122,88500
2022,LIBTYPE000002,2030141004,희망샘도서관,gyeonggi,수원시,50143,4,6187,32133,247927
